{
  "alt.atheism": {
    "precision": 0.6060606060606061,
    "recall": 0.125,
    "f1-score": 0.20725388601036268,
    "support": 160.0
  },
  "comp.graphics": {
    "precision": 0.46785714285714286,
    "recall": 0.6717948717948717,
    "f1-score": 0.5515789473684211,
    "support": 195.0
  },
  "comp.os.ms-windows.misc": {
    "precision": 0.5873015873015873,
    "recall": 0.3756345177664975,
    "f1-score": 0.4582043343653251,
    "support": 197.0
  },
  "comp.sys.ibm.pc.hardware": {
    "precision": 0.5060240963855421,
    "recall": 0.42857142857142855,
    "f1-score": 0.46408839779005523,
    "support": 196.0
  },
  "comp.sys.mac.hardware": {
    "precision": 0.96,
    "recall": 0.37305699481865284,
    "f1-score": 0.5373134328358209,
    "support": 193.0
  },
  "comp.windows.x": {
    "precision": 0.9565217391304348,
    "recall": 0.4444444444444444,
    "f1-score": 0.6068965517241379,
    "support": 198.0
  },
  "misc.forsale": {
    "precision": 0.40792540792540793,
    "recall": 0.8974358974358975,
    "f1-score": 0.5608974358974359,
    "support": 195.0
  },
  "rec.autos": {
    "precision": 0.3961038961038961,
    "recall": 0.6161616161616161,
    "f1-score": 0.48221343873517786,
    "support": 198.0
  },
  "rec.motorcycles": {
    "precision": 0.7857142857142857,
    "recall": 0.11055276381909548,
    "f1-score": 0.19383259911894274,
    "support": 199.0
  },
  "rec.sport.baseball": {
    "precision": 0.9444444444444444,
    "recall": 0.6834170854271356,
    "f1-score": 0.793002915451895,
    "support": 199.0
  },
  "rec.sport.hockey": {
    "precision": 0.9323308270676691,
    "recall": 0.62,
    "f1-score": 0.7447447447447447,
    "support": 200.0
  },
  "sci.crypt": {
    "precision": 0.9035087719298246,
    "recall": 0.5202020202020202,
    "f1-score": 0.6602564102564102,
    "support": 198.0
  },
  "sci.electronics": {
    "precision": 0.41580756013745707,
    "recall": 0.6142131979695431,
    "f1-score": 0.4959016393442623,
    "support": 197.0
  },
  "sci.med": {
    "precision": 0.7403314917127072,
    "recall": 0.6767676767676768,
    "f1-score": 0.7071240105540897,
    "support": 198.0
  },
  "sci.space": {
    "precision": 0.9041095890410958,
    "recall": 0.6700507614213198,
    "f1-score": 0.7696793002915452,
    "support": 197.0
  },
  "soc.religion.christian": {
    "precision": 0.3713450292397661,
    "recall": 0.6381909547738693,
    "f1-score": 0.46950092421441775,
    "support": 199.0
  },
  "talk.politics.guns": {
    "precision": 0.7654320987654321,
    "recall": 0.34065934065934067,
    "f1-score": 0.4714828897338403,
    "support": 182.0
  },
  "talk.politics.mideast": {
    "precision": 0.8571428571428571,
    "recall": 0.6382978723404256,
    "f1-score": 0.7317073170731707,
    "support": 188.0
  },
  "talk.politics.misc": {
    "precision": 0.3300653594771242,
    "recall": 0.6516129032258065,
    "f1-score": 0.43817787418655096,
    "support": 155.0
  },
  "talk.religion.misc": {
    "precision": 0.1352112676056338,
    "recall": 0.38095238095238093,
    "f1-score": 0.1995841995841996,
    "support": 126.0
  },
  "accuracy": 0.5294429708222812,
  "macro avg": {
    "precision": 0.6486619029021458,
    "recall": 0.5238508364276012,
    "f1-score": 0.5271720624640404,
    "support": 3770.0
  },
  "weighted avg": {
    "precision": 0.6616827637711755,
    "recall": 0.5294429708222812,
    "f1-score": 0.5373801264900173,
    "support": 3770.0
  }
}