{
  "alt.atheism": {
    "precision": 0.41304347826086957,
    "recall": 0.11875,
    "f1-score": 0.18446601941747573,
    "support": 160.0
  },
  "comp.graphics": {
    "precision": 0.2815198618307427,
    "recall": 0.8358974358974359,
    "f1-score": 0.42118863049095606,
    "support": 195.0
  },
  "comp.os.ms-windows.misc": {
    "precision": 0.3346938775510204,
    "recall": 0.41624365482233505,
    "f1-score": 0.37104072398190047,
    "support": 197.0
  },
  "comp.sys.ibm.pc.hardware": {
    "precision": 0.3710691823899371,
    "recall": 0.3010204081632653,
    "f1-score": 0.3323943661971831,
    "support": 196.0
  },
  "comp.sys.mac.hardware": {
    "precision": 0.8589743589743589,
    "recall": 0.3471502590673575,
    "f1-score": 0.4944649446494465,
    "support": 193.0
  },
  "comp.windows.x": {
    "precision": 0.86,
    "recall": 0.21717171717171718,
    "f1-score": 0.3467741935483871,
    "support": 198.0
  },
  "misc.forsale": {
    "precision": 0.6300813008130082,
    "recall": 0.7948717948717948,
    "f1-score": 0.7029478458049887,
    "support": 195.0
  },
  "rec.autos": {
    "precision": 0.5961538461538461,
    "recall": 0.31313131313131315,
    "f1-score": 0.4105960264900662,
    "support": 198.0
  },
  "rec.motorcycles": {
    "precision": 0.9047619047619048,
    "recall": 0.2864321608040201,
    "f1-score": 0.4351145038167939,
    "support": 199.0
  },
  "rec.sport.baseball": {
    "precision": 0.8952380952380953,
    "recall": 0.4723618090452261,
    "f1-score": 0.618421052631579,
    "support": 199.0
  },
  "rec.sport.hockey": {
    "precision": 0.865979381443299,
    "recall": 0.42,
    "f1-score": 0.5656565656565656,
    "support": 200.0
  },
  "sci.crypt": {
    "precision": 0.7526881720430108,
    "recall": 0.35353535353535354,
    "f1-score": 0.48109965635738833,
    "support": 198.0
  },
  "sci.electronics": {
    "precision": 0.4153846153846154,
    "recall": 0.13705583756345177,
    "f1-score": 0.20610687022900764,
    "support": 197.0
  },
  "sci.med": {
    "precision": 0.9375,
    "recall": 0.30303030303030304,
    "f1-score": 0.4580152671755725,
    "support": 198.0
  },
  "sci.space": {
    "precision": 0.9363636363636364,
    "recall": 0.5228426395939086,
    "f1-score": 0.6710097719869706,
    "support": 197.0
  },
  "soc.religion.christian": {
    "precision": 0.2638888888888889,
    "recall": 0.19095477386934673,
    "f1-score": 0.22157434402332363,
    "support": 199.0
  },
  "talk.politics.guns": {
    "precision": 0.421875,
    "recall": 0.44505494505494503,
    "f1-score": 0.43315508021390375,
    "support": 182.0
  },
  "talk.politics.mideast": {
    "precision": 0.6069651741293532,
    "recall": 0.648936170212766,
    "f1-score": 0.6272493573264781,
    "support": 188.0
  },
  "talk.politics.misc": {
    "precision": 0.2770700636942675,
    "recall": 0.5612903225806452,
    "f1-score": 0.37100213219616207,
    "support": 155.0
  },
  "talk.religion.misc": {
    "precision": 0.09815950920245399,
    "recall": 0.6349206349206349,
    "f1-score": 0.17003188097768332,
    "support": 126.0
  },
  "accuracy": 0.41193633952254644,
  "macro avg": {
    "precision": 0.5860705173561653,
    "recall": 0.416032576666791,
    "f1-score": 0.4261154616585917,
    "support": 3770.0
  },
  "weighted avg": {
    "precision": 0.6015066417211331,
    "recall": 0.41193633952254644,
    "f1-score": 0.43333100802114083,
    "support": 3770.0
  }
}