{
  "alt.atheism": {
    "precision": 0.536,
    "recall": 0.41875,
    "f1-score": 0.47017543859649125,
    "support": 160.0
  },
  "comp.graphics": {
    "precision": 0.6601941747572816,
    "recall": 0.6974358974358974,
    "f1-score": 0.6783042394014963,
    "support": 195.0
  },
  "comp.os.ms-windows.misc": {
    "precision": 0.6984126984126984,
    "recall": 0.6700507614213198,
    "f1-score": 0.6839378238341969,
    "support": 197.0
  },
  "comp.sys.ibm.pc.hardware": {
    "precision": 0.656084656084656,
    "recall": 0.6326530612244898,
    "f1-score": 0.6441558441558441,
    "support": 196.0
  },
  "comp.sys.mac.hardware": {
    "precision": 0.7515151515151515,
    "recall": 0.6424870466321243,
    "f1-score": 0.6927374301675978,
    "support": 193.0
  },
  "comp.windows.x": {
    "precision": 0.7979274611398963,
    "recall": 0.7777777777777778,
    "f1-score": 0.7877237851662404,
    "support": 198.0
  },
  "misc.forsale": {
    "precision": 0.7320574162679426,
    "recall": 0.7846153846153846,
    "f1-score": 0.7574257425742574,
    "support": 195.0
  },
  "rec.autos": {
    "precision": 0.5492957746478874,
    "recall": 0.7878787878787878,
    "f1-score": 0.6473029045643154,
    "support": 198.0
  },
  "rec.motorcycles": {
    "precision": 0.7722222222222223,
    "recall": 0.6984924623115578,
    "f1-score": 0.7335092348284961,
    "support": 199.0
  },
  "rec.sport.baseball": {
    "precision": 0.8762886597938144,
    "recall": 0.8542713567839196,
    "f1-score": 0.8651399491094147,
    "support": 199.0
  },
  "rec.sport.hockey": {
    "precision": 0.9441340782122905,
    "recall": 0.845,
    "f1-score": 0.8918205804749341,
    "support": 200.0
  },
  "sci.crypt": {
    "precision": 0.7591623036649214,
    "recall": 0.7323232323232324,
    "f1-score": 0.7455012853470437,
    "support": 198.0
  },
  "sci.electronics": {
    "precision": 0.6567164179104478,
    "recall": 0.6700507614213198,
    "f1-score": 0.6633165829145728,
    "support": 197.0
  },
  "sci.med": {
    "precision": 0.8325123152709359,
    "recall": 0.8535353535353535,
    "f1-score": 0.8428927680798005,
    "support": 198.0
  },
  "sci.space": {
    "precision": 0.7850467289719626,
    "recall": 0.8527918781725888,
    "f1-score": 0.8175182481751825,
    "support": 197.0
  },
  "soc.religion.christian": {
    "precision": 0.6680327868852459,
    "recall": 0.8190954773869347,
    "f1-score": 0.7358916478555305,
    "support": 199.0
  },
  "talk.politics.guns": {
    "precision": 0.6030150753768844,
    "recall": 0.6593406593406593,
    "f1-score": 0.6299212598425197,
    "support": 182.0
  },
  "talk.politics.mideast": {
    "precision": 0.8412698412698413,
    "recall": 0.8457446808510638,
    "f1-score": 0.843501326259947,
    "support": 188.0
  },
  "talk.politics.misc": {
    "precision": 0.5664335664335665,
    "recall": 0.5225806451612903,
    "f1-score": 0.5436241610738255,
    "support": 155.0
  },
  "talk.religion.misc": {
    "precision": 0.410958904109589,
    "recall": 0.23809523809523808,
    "f1-score": 0.3015075376884422,
    "support": 126.0
  },
  "accuracy": 0.7137931034482758,
  "macro avg": {
    "precision": 0.7048640116473618,
    "recall": 0.700148523118447,
    "f1-score": 0.6987953895055075,
    "support": 3770.0
  },
  "weighted avg": {
    "precision": 0.7139801056205569,
    "recall": 0.7137931034482758,
    "f1-score": 0.7105196714238894,
    "support": 3770.0
  }
}