{
  "alt.atheism": {
    "precision": 0.4318181818181818,
    "recall": 0.2375,
    "f1-score": 0.3064516129032258,
    "support": 160.0
  },
  "comp.graphics": {
    "precision": 0.4630541871921182,
    "recall": 0.48205128205128206,
    "f1-score": 0.4723618090452261,
    "support": 195.0
  },
  "comp.os.ms-windows.misc": {
    "precision": 0.23863636363636365,
    "recall": 0.2131979695431472,
    "f1-score": 0.225201072386059,
    "support": 197.0
  },
  "comp.sys.ibm.pc.hardware": {
    "precision": 0.42857142857142855,
    "recall": 0.30612244897959184,
    "f1-score": 0.35714285714285715,
    "support": 196.0
  },
  "comp.sys.mac.hardware": {
    "precision": 0.37037037037037035,
    "recall": 0.20725388601036268,
    "f1-score": 0.26578073089701,
    "support": 193.0
  },
  "comp.windows.x": {
    "precision": 0.44982698961937717,
    "recall": 0.6565656565656566,
    "f1-score": 0.5338809034907598,
    "support": 198.0
  },
  "misc.forsale": {
    "precision": 0.7254901960784313,
    "recall": 0.5692307692307692,
    "f1-score": 0.6379310344827587,
    "support": 195.0
  },
  "rec.autos": {
    "precision": 0.6839622641509434,
    "recall": 0.7323232323232324,
    "f1-score": 0.7073170731707317,
    "support": 198.0
  },
  "rec.motorcycles": {
    "precision": 0.6566265060240963,
    "recall": 0.5477386934673367,
    "f1-score": 0.5972602739726027,
    "support": 199.0
  },
  "rec.sport.baseball": {
    "precision": 0.5318352059925093,
    "recall": 0.7135678391959799,
    "f1-score": 0.6094420600858369,
    "support": 199.0
  },
  "rec.sport.hockey": {
    "precision": 0.7236842105263158,
    "recall": 0.825,
    "f1-score": 0.7710280373831776,
    "support": 200.0
  },
  "sci.crypt": {
    "precision": 0.6930232558139535,
    "recall": 0.7525252525252525,
    "f1-score": 0.7215496368038741,
    "support": 198.0
  },
  "sci.electronics": {
    "precision": 0.5588235294117647,
    "recall": 0.48223350253807107,
    "f1-score": 0.5177111716621253,
    "support": 197.0
  },
  "sci.med": {
    "precision": 0.6965811965811965,
    "recall": 0.8232323232323232,
    "f1-score": 0.7546296296296297,
    "support": 198.0
  },
  "sci.space": {
    "precision": 0.7162790697674418,
    "recall": 0.7817258883248731,
    "f1-score": 0.7475728155339806,
    "support": 197.0
  },
  "soc.religion.christian": {
    "precision": 0.4828571428571429,
    "recall": 0.8492462311557789,
    "f1-score": 0.6156648451730419,
    "support": 199.0
  },
  "talk.politics.guns": {
    "precision": 0.5263157894736842,
    "recall": 0.6043956043956044,
    "f1-score": 0.5626598465473146,
    "support": 182.0
  },
  "talk.politics.mideast": {
    "precision": 0.6610169491525424,
    "recall": 0.8297872340425532,
    "f1-score": 0.7358490566037735,
    "support": 188.0
  },
  "talk.politics.misc": {
    "precision": 0.46534653465346537,
    "recall": 0.3032258064516129,
    "f1-score": 0.3671875,
    "support": 155.0
  },
  "talk.religion.misc": {
    "precision": 0.2,
    "recall": 0.015873015873015872,
    "f1-score": 0.029411764705882353,
    "support": 126.0
  },
  "accuracy": 0.5625994694960212,
  "macro avg": {
    "precision": 0.5352059685845665,
    "recall": 0.5466398317953222,
    "f1-score": 0.5268016865809934,
    "support": 3770.0
  },
  "weighted avg": {
    "precision": 0.5434736716251706,
    "recall": 0.5625994694960212,
    "f1-score": 0.540244464242932,
    "support": 3770.0
  }
}