{
  "alt.atheism": {
    "precision": 0.32222222222222224,
    "recall": 0.3625,
    "f1-score": 0.3411764705882353,
    "support": 160.0
  },
  "comp.graphics": {
    "precision": 0.057291666666666664,
    "recall": 0.05641025641025641,
    "f1-score": 0.056847545219638244,
    "support": 195.0
  },
  "comp.os.ms-windows.misc": {
    "precision": 0.28164556962025317,
    "recall": 0.4517766497461929,
    "f1-score": 0.3469785575048733,
    "support": 197.0
  },
  "comp.sys.ibm.pc.hardware": {
    "precision": 0.4154929577464789,
    "recall": 0.3010204081632653,
    "f1-score": 0.34911242603550297,
    "support": 196.0
  },
  "comp.sys.mac.hardware": {
    "precision": 0.44907407407407407,
    "recall": 0.5025906735751295,
    "f1-score": 0.4743276283618582,
    "support": 193.0
  },
  "comp.windows.x": {
    "precision": 0.3389830508474576,
    "recall": 0.30303030303030304,
    "f1-score": 0.32,
    "support": 198.0
  },
  "misc.forsale": {
    "precision": 0.7386363636363636,
    "recall": 0.3333333333333333,
    "f1-score": 0.45936395759717313,
    "support": 195.0
  },
  "rec.autos": {
    "precision": 0.3355263157894737,
    "recall": 0.25757575757575757,
    "f1-score": 0.2914285714285714,
    "support": 198.0
  },
  "rec.motorcycles": {
    "precision": 0.4717741935483871,
    "recall": 0.5879396984924623,
    "f1-score": 0.5234899328859061,
    "support": 199.0
  },
  "rec.sport.baseball": {
    "precision": 0.6606334841628959,
    "recall": 0.7336683417085427,
    "f1-score": 0.6952380952380952,
    "support": 199.0
  },
  "rec.sport.hockey": {
    "precision": 0.6132075471698113,
    "recall": 0.65,
    "f1-score": 0.6310679611650486,
    "support": 200.0
  },
  "sci.crypt": {
    "precision": 0.7540106951871658,
    "recall": 0.7121212121212122,
    "f1-score": 0.7324675324675325,
    "support": 198.0
  },
  "sci.electronics": {
    "precision": 0.4945054945054945,
    "recall": 0.45685279187817257,
    "f1-score": 0.47493403693931396,
    "support": 197.0
  },
  "sci.med": {
    "precision": 0.7751937984496124,
    "recall": 0.5050505050505051,
    "f1-score": 0.6116207951070336,
    "support": 198.0
  },
  "sci.space": {
    "precision": 0.7668711656441718,
    "recall": 0.6345177664974619,
    "f1-score": 0.6944444444444444,
    "support": 197.0
  },
  "soc.religion.christian": {
    "precision": 0.5892857142857143,
    "recall": 0.8291457286432161,
    "f1-score": 0.6889352818371608,
    "support": 199.0
  },
  "talk.politics.guns": {
    "precision": 0.541095890410959,
    "recall": 0.4340659340659341,
    "f1-score": 0.4817073170731707,
    "support": 182.0
  },
  "talk.politics.mideast": {
    "precision": 0.5991379310344828,
    "recall": 0.7393617021276596,
    "f1-score": 0.6619047619047619,
    "support": 188.0
  },
  "talk.politics.misc": {
    "precision": 0.22077922077922077,
    "recall": 0.32903225806451614,
    "f1-score": 0.26424870466321243,
    "support": 155.0
  },
  "talk.religion.misc": {
    "precision": 0.15789473684210525,
    "recall": 0.09523809523809523,
    "f1-score": 0.1188118811881188,
    "support": 126.0
  },
  "accuracy": 0.473474801061008,
  "macro avg": {
    "precision": 0.4791631046311505,
    "recall": 0.46376157078610075,
    "f1-score": 0.4609052950824825,
    "support": 3770.0
  },
  "weighted avg": {
    "precision": 0.48956805163704187,
    "recall": 0.473474801061008,
    "f1-score": 0.4708253827313181,
    "support": 3770.0
  }
}