{
  "alt.atheism": {
    "precision": 0.3665158371040724,
    "recall": 0.50625,
    "f1-score": 0.4251968503937008,
    "support": 160.0
  },
  "comp.graphics": {
    "precision": 0.6881188118811881,
    "recall": 0.7128205128205128,
    "f1-score": 0.7002518891687658,
    "support": 195.0
  },
  "comp.os.ms-windows.misc": {
    "precision": 0.7158469945355191,
    "recall": 0.6649746192893401,
    "f1-score": 0.6894736842105263,
    "support": 197.0
  },
  "comp.sys.ibm.pc.hardware": {
    "precision": 0.6071428571428571,
    "recall": 0.6938775510204082,
    "f1-score": 0.6476190476190476,
    "support": 196.0
  },
  "comp.sys.mac.hardware": {
    "precision": 0.7257142857142858,
    "recall": 0.6580310880829016,
    "f1-score": 0.6902173913043478,
    "support": 193.0
  },
  "comp.windows.x": {
    "precision": 0.7799043062200957,
    "recall": 0.8232323232323232,
    "f1-score": 0.800982800982801,
    "support": 198.0
  },
  "misc.forsale": {
    "precision": 0.7580645161290323,
    "recall": 0.7230769230769231,
    "f1-score": 0.7401574803149606,
    "support": 195.0
  },
  "rec.autos": {
    "precision": 0.7783783783783784,
    "recall": 0.7272727272727273,
    "f1-score": 0.7519582245430809,
    "support": 198.0
  },
  "rec.motorcycles": {
    "precision": 0.8248587570621468,
    "recall": 0.7336683417085427,
    "f1-score": 0.776595744680851,
    "support": 199.0
  },
  "rec.sport.baseball": {
    "precision": 0.9065934065934066,
    "recall": 0.8291457286432161,
    "f1-score": 0.8661417322834646,
    "support": 199.0
  },
  "rec.sport.hockey": {
    "precision": 0.8246445497630331,
    "recall": 0.87,
    "f1-score": 0.8467153284671532,
    "support": 200.0
  },
  "sci.crypt": {
    "precision": 0.746606334841629,
    "recall": 0.8333333333333334,
    "f1-score": 0.7875894988066826,
    "support": 198.0
  },
  "sci.electronics": {
    "precision": 0.7533333333333333,
    "recall": 0.5736040609137056,
    "f1-score": 0.6512968299711815,
    "support": 197.0
  },
  "sci.med": {
    "precision": 0.8440860215053764,
    "recall": 0.7929292929292929,
    "f1-score": 0.8177083333333334,
    "support": 198.0
  },
  "sci.space": {
    "precision": 0.8534031413612565,
    "recall": 0.8274111675126904,
    "f1-score": 0.8402061855670103,
    "support": 197.0
  },
  "soc.religion.christian": {
    "precision": 0.5769230769230769,
    "recall": 0.9045226130653267,
    "f1-score": 0.7045009784735812,
    "support": 199.0
  },
  "talk.politics.guns": {
    "precision": 0.6454545454545455,
    "recall": 0.7802197802197802,
    "f1-score": 0.7064676616915423,
    "support": 182.0
  },
  "talk.politics.mideast": {
    "precision": 0.8075117370892019,
    "recall": 0.9148936170212766,
    "f1-score": 0.85785536159601,
    "support": 188.0
  },
  "talk.politics.misc": {
    "precision": 0.7303370786516854,
    "recall": 0.41935483870967744,
    "f1-score": 0.5327868852459017,
    "support": 155.0
  },
  "talk.religion.misc": {
    "precision": 0.5454545454545454,
    "recall": 0.14285714285714285,
    "f1-score": 0.22641509433962265,
    "support": 126.0
  },
  "accuracy": 0.7220159151193634,
  "macro avg": {
    "precision": 0.7239446257569333,
    "recall": 0.706573783085456,
    "f1-score": 0.7030068501496783,
    "support": 3770.0
  },
  "weighted avg": {
    "precision": 0.7311053523020089,
    "recall": 0.7220159151193634,
    "f1-score": 0.71656446325441,
    "support": 3770.0
  }
}