{
  "alt.atheism": {
    "precision": 0.4563106796116505,
    "recall": 0.29375,
    "f1-score": 0.3574144486692015,
    "support": 160.0
  },
  "comp.graphics": {
    "precision": 0.6105263157894737,
    "recall": 0.5948717948717949,
    "f1-score": 0.6025974025974026,
    "support": 195.0
  },
  "comp.os.ms-windows.misc": {
    "precision": 0.4166666666666667,
    "recall": 0.43147208121827413,
    "f1-score": 0.4239401496259352,
    "support": 197.0
  },
  "comp.sys.ibm.pc.hardware": {
    "precision": 0.4647887323943662,
    "recall": 0.5051020408163265,
    "f1-score": 0.4841075794621027,
    "support": 196.0
  },
  "comp.sys.mac.hardware": {
    "precision": 0.4444444444444444,
    "recall": 0.31088082901554404,
    "f1-score": 0.36585365853658536,
    "support": 193.0
  },
  "comp.windows.x": {
    "precision": 0.6308411214953271,
    "recall": 0.6818181818181818,
    "f1-score": 0.6553398058252428,
    "support": 198.0
  },
  "misc.forsale": {
    "precision": 0.7298850574712644,
    "recall": 0.6512820512820513,
    "f1-score": 0.6883468834688347,
    "support": 195.0
  },
  "rec.autos": {
    "precision": 0.7471910112359551,
    "recall": 0.6717171717171717,
    "f1-score": 0.7074468085106383,
    "support": 198.0
  },
  "rec.motorcycles": {
    "precision": 0.6845238095238095,
    "recall": 0.5778894472361809,
    "f1-score": 0.6267029972752044,
    "support": 199.0
  },
  "rec.sport.baseball": {
    "precision": 0.5413533834586466,
    "recall": 0.7236180904522613,
    "f1-score": 0.6193548387096774,
    "support": 199.0
  },
  "rec.sport.hockey": {
    "precision": 0.8,
    "recall": 0.8,
    "f1-score": 0.8,
    "support": 200.0
  },
  "sci.crypt": {
    "precision": 0.8100558659217877,
    "recall": 0.7323232323232324,
    "f1-score": 0.7692307692307693,
    "support": 198.0
  },
  "sci.electronics": {
    "precision": 0.6179775280898876,
    "recall": 0.5583756345177665,
    "f1-score": 0.5866666666666667,
    "support": 197.0
  },
  "sci.med": {
    "precision": 0.7232142857142857,
    "recall": 0.8181818181818182,
    "f1-score": 0.7677725118483413,
    "support": 198.0
  },
  "sci.space": {
    "precision": 0.7611940298507462,
    "recall": 0.7766497461928934,
    "f1-score": 0.7688442211055276,
    "support": 197.0
  },
  "soc.religion.christian": {
    "precision": 0.5047923322683706,
    "recall": 0.7939698492462312,
    "f1-score": 0.6171875,
    "support": 199.0
  },
  "talk.politics.guns": {
    "precision": 0.5670103092783505,
    "recall": 0.6043956043956044,
    "f1-score": 0.5851063829787234,
    "support": 182.0
  },
  "talk.politics.mideast": {
    "precision": 0.6428571428571429,
    "recall": 0.8138297872340425,
    "f1-score": 0.7183098591549296,
    "support": 188.0
  },
  "talk.politics.misc": {
    "precision": 0.3873239436619718,
    "recall": 0.3548387096774194,
    "f1-score": 0.37037037037037035,
    "support": 155.0
  },
  "talk.religion.misc": {
    "precision": 0.19642857142857142,
    "recall": 0.0873015873015873,
    "f1-score": 0.12087912087912088,
    "support": 126.0
  },
  "accuracy": 0.6042440318302388,
  "macro avg": {
    "precision": 0.5868692615581359,
    "recall": 0.5891133828749191,
    "f1-score": 0.5817735987457638,
    "support": 3770.0
  },
  "weighted avg": {
    "precision": 0.5980704892152463,
    "recall": 0.6042440318302388,
    "f1-score": 0.5952469911469879,
    "support": 3770.0
  }
}