{
  "alt.atheism": {
    "precision": 0.4444444444444444,
    "recall": 0.125,
    "f1-score": 0.1951219512195122,
    "support": 160.0
  },
  "comp.graphics": {
    "precision": 0.28822495606326887,
    "recall": 0.841025641025641,
    "f1-score": 0.4293193717277487,
    "support": 195.0
  },
  "comp.os.ms-windows.misc": {
    "precision": 0.29276315789473684,
    "recall": 0.4517766497461929,
    "f1-score": 0.35528942115768464,
    "support": 197.0
  },
  "comp.sys.ibm.pc.hardware": {
    "precision": 0.4846153846153846,
    "recall": 0.32142857142857145,
    "f1-score": 0.38650306748466257,
    "support": 196.0
  },
  "comp.sys.mac.hardware": {
    "precision": 0.7415730337078652,
    "recall": 0.34196891191709844,
    "f1-score": 0.46808510638297873,
    "support": 193.0
  },
  "comp.windows.x": {
    "precision": 0.7391304347826086,
    "recall": 0.1717171717171717,
    "f1-score": 0.2786885245901639,
    "support": 198.0
  },
  "misc.forsale": {
    "precision": 0.5098039215686274,
    "recall": 0.8,
    "f1-score": 0.6227544910179641,
    "support": 195.0
  },
  "rec.autos": {
    "precision": 0.4357142857142857,
    "recall": 0.30808080808080807,
    "f1-score": 0.3609467455621302,
    "support": 198.0
  },
  "rec.motorcycles": {
    "precision": 0.9074074074074074,
    "recall": 0.24623115577889448,
    "f1-score": 0.38735177865612647,
    "support": 199.0
  },
  "rec.sport.baseball": {
    "precision": 0.896551724137931,
    "recall": 0.6532663316582915,
    "f1-score": 0.7558139534883721,
    "support": 199.0
  },
  "rec.sport.hockey": {
    "precision": 0.8034682080924855,
    "recall": 0.695,
    "f1-score": 0.7453083109919572,
    "support": 200.0
  },
  "sci.crypt": {
    "precision": 0.8144329896907216,
    "recall": 0.398989898989899,
    "f1-score": 0.535593220338983,
    "support": 198.0
  },
  "sci.electronics": {
    "precision": 0.40476190476190477,
    "recall": 0.17258883248730963,
    "f1-score": 0.24199288256227758,
    "support": 197.0
  },
  "sci.med": {
    "precision": 0.9215686274509803,
    "recall": 0.47474747474747475,
    "f1-score": 0.6266666666666667,
    "support": 198.0
  },
  "sci.space": {
    "precision": 0.9384615384615385,
    "recall": 0.6192893401015228,
    "f1-score": 0.746177370030581,
    "support": 197.0
  },
  "soc.religion.christian": {
    "precision": 0.4426229508196721,
    "recall": 0.40703517587939697,
    "f1-score": 0.42408376963350786,
    "support": 199.0
  },
  "talk.politics.guns": {
    "precision": 0.4712041884816754,
    "recall": 0.4945054945054945,
    "f1-score": 0.48257372654155495,
    "support": 182.0
  },
  "talk.politics.mideast": {
    "precision": 0.6701030927835051,
    "recall": 0.6914893617021277,
    "f1-score": 0.680628272251309,
    "support": 188.0
  },
  "talk.politics.misc": {
    "precision": 0.313953488372093,
    "recall": 0.5225806451612903,
    "f1-score": 0.3922518159806295,
    "support": 155.0
  },
  "talk.religion.misc": {
    "precision": 0.1320754716981132,
    "recall": 0.5555555555555556,
    "f1-score": 0.21341463414634146,
    "support": 126.0
  },
  "accuracy": 0.4647214854111406,
  "macro avg": {
    "precision": 0.5826440605474625,
    "recall": 0.46461385102413705,
    "f1-score": 0.46642825402155746,
    "support": 3770.0
  },
  "weighted avg": {
    "precision": 0.5963602674535871,
    "recall": 0.4647214854111406,
    "f1-score": 0.4743569922761366,
    "support": 3770.0
  }
}