{
  "alt.atheism": {
    "precision": 0.48,
    "recall": 0.3,
    "f1-score": 0.36923076923076925,
    "support": 160.0
  },
  "comp.graphics": {
    "precision": 0.4623287671232877,
    "recall": 0.6923076923076923,
    "f1-score": 0.5544147843942505,
    "support": 195.0
  },
  "comp.os.ms-windows.misc": {
    "precision": 0.4712041884816754,
    "recall": 0.45685279187817257,
    "f1-score": 0.4639175257731959,
    "support": 197.0
  },
  "comp.sys.ibm.pc.hardware": {
    "precision": 0.391812865497076,
    "recall": 0.34183673469387754,
    "f1-score": 0.3651226158038147,
    "support": 196.0
  },
  "comp.sys.mac.hardware": {
    "precision": 0.9066666666666666,
    "recall": 0.35233160621761656,
    "f1-score": 0.5074626865671642,
    "support": 193.0
  },
  "comp.windows.x": {
    "precision": 0.9191919191919192,
    "recall": 0.4595959595959596,
    "f1-score": 0.6127946127946128,
    "support": 198.0
  },
  "misc.forsale": {
    "precision": 0.39849624060150374,
    "recall": 0.8153846153846154,
    "f1-score": 0.5353535353535354,
    "support": 195.0
  },
  "rec.autos": {
    "precision": 0.43956043956043955,
    "recall": 0.6060606060606061,
    "f1-score": 0.5095541401273885,
    "support": 198.0
  },
  "rec.motorcycles": {
    "precision": 0.8235294117647058,
    "recall": 0.2814070351758794,
    "f1-score": 0.41947565543071164,
    "support": 199.0
  },
  "rec.sport.baseball": {
    "precision": 0.8735632183908046,
    "recall": 0.7638190954773869,
    "f1-score": 0.8150134048257373,
    "support": 199.0
  },
  "rec.sport.hockey": {
    "precision": 0.8311688311688312,
    "recall": 0.64,
    "f1-score": 0.7231638418079096,
    "support": 200.0
  },
  "sci.crypt": {
    "precision": 0.8288288288288288,
    "recall": 0.46464646464646464,
    "f1-score": 0.5954692556634305,
    "support": 198.0
  },
  "sci.electronics": {
    "precision": 0.2962962962962963,
    "recall": 0.5685279187817259,
    "f1-score": 0.38956521739130434,
    "support": 197.0
  },
  "sci.med": {
    "precision": 0.7732558139534884,
    "recall": 0.6717171717171717,
    "f1-score": 0.7189189189189189,
    "support": 198.0
  },
  "sci.space": {
    "precision": 0.8896551724137931,
    "recall": 0.6548223350253807,
    "f1-score": 0.7543859649122807,
    "support": 197.0
  },
  "soc.religion.christian": {
    "precision": 0.5454545454545454,
    "recall": 0.6030150753768844,
    "f1-score": 0.5727923627684964,
    "support": 199.0
  },
  "talk.politics.guns": {
    "precision": 0.6486486486486487,
    "recall": 0.26373626373626374,
    "f1-score": 0.375,
    "support": 182.0
  },
  "talk.politics.mideast": {
    "precision": 0.8407079646017699,
    "recall": 0.5053191489361702,
    "f1-score": 0.6312292358803987,
    "support": 188.0
  },
  "talk.politics.misc": {
    "precision": 0.24427480916030533,
    "recall": 0.6193548387096774,
    "f1-score": 0.35036496350364965,
    "support": 155.0
  },
  "talk.religion.misc": {
    "precision": 0.17261904761904762,
    "recall": 0.23015873015873015,
    "f1-score": 0.19727891156462585,
    "support": 126.0
  },
  "accuracy": 0.5220159151193634,
  "macro avg": {
    "precision": 0.6118631837711817,
    "recall": 0.5145447041940138,
    "f1-score": 0.5230254201356097,
    "support": 3770.0
  },
  "weighted avg": {
    "precision": 0.6252967258833615,
    "recall": 0.5220159151193634,
    "f1-score": 0.5333359957185699,
    "support": 3770.0
  }
}