{
  "alt.atheism": {
    "precision": 0.178743961352657,
    "recall": 0.23125,
    "f1-score": 0.2016348773841962,
    "support": 160.0
  },
  "comp.graphics": {
    "precision": 0.1510989010989011,
    "recall": 0.28205128205128205,
    "f1-score": 0.1967799642218247,
    "support": 195.0
  },
  "comp.os.ms-windows.misc": {
    "precision": 0.2330508474576271,
    "recall": 0.5583756345177665,
    "f1-score": 0.32884902840059793,
    "support": 197.0
  },
  "comp.sys.ibm.pc.hardware": {
    "precision": 0.3004694835680751,
    "recall": 0.32653061224489793,
    "f1-score": 0.31295843520782396,
    "support": 196.0
  },
  "comp.sys.mac.hardware": {
    "precision": 0.17777777777777778,
    "recall": 0.12435233160621761,
    "f1-score": 0.14634146341463414,
    "support": 193.0
  },
  "comp.windows.x": {
    "precision": 0.3686440677966102,
    "recall": 0.4393939393939394,
    "f1-score": 0.4009216589861751,
    "support": 198.0
  },
  "misc.forsale": {
    "precision": 0.328125,
    "recall": 0.5384615384615384,
    "f1-score": 0.4077669902912621,
    "support": 195.0
  },
  "rec.autos": {
    "precision": 0.3652173913043478,
    "recall": 0.21212121212121213,
    "f1-score": 0.268370607028754,
    "support": 198.0
  },
  "rec.motorcycles": {
    "precision": 0.16363636363636364,
    "recall": 0.09045226130653267,
    "f1-score": 0.11650485436893204,
    "support": 199.0
  },
  "rec.sport.baseball": {
    "precision": 0.26495726495726496,
    "recall": 0.15577889447236182,
    "f1-score": 0.1962025316455696,
    "support": 199.0
  },
  "rec.sport.hockey": {
    "precision": 0.4878048780487805,
    "recall": 0.5,
    "f1-score": 0.49382716049382713,
    "support": 200.0
  },
  "sci.crypt": {
    "precision": 0.4,
    "recall": 0.5353535353535354,
    "f1-score": 0.45788336933045354,
    "support": 198.0
  },
  "sci.electronics": {
    "precision": 0.28888888888888886,
    "recall": 0.19796954314720813,
    "f1-score": 0.23493975903614459,
    "support": 197.0
  },
  "sci.med": {
    "precision": 0.2893081761006289,
    "recall": 0.23232323232323232,
    "f1-score": 0.25770308123249297,
    "support": 198.0
  },
  "sci.space": {
    "precision": 0.60431654676259,
    "recall": 0.4263959390862944,
    "f1-score": 0.5,
    "support": 197.0
  },
  "soc.religion.christian": {
    "precision": 0.32926829268292684,
    "recall": 0.271356783919598,
    "f1-score": 0.2975206611570248,
    "support": 199.0
  },
  "talk.politics.guns": {
    "precision": 0.3103448275862069,
    "recall": 0.34615384615384615,
    "f1-score": 0.32727272727272727,
    "support": 182.0
  },
  "talk.politics.mideast": {
    "precision": 0.5615384615384615,
    "recall": 0.3882978723404255,
    "f1-score": 0.4591194968553459,
    "support": 188.0
  },
  "talk.politics.misc": {
    "precision": 0.3181818181818182,
    "recall": 0.13548387096774195,
    "f1-score": 0.19004524886877827,
    "support": 155.0
  },
  "talk.religion.misc": {
    "precision": 0.4,
    "recall": 0.047619047619047616,
    "f1-score": 0.0851063829787234,
    "support": 126.0
  },
  "accuracy": 0.3090185676392573,
  "macro avg": {
    "precision": 0.3260686474369964,
    "recall": 0.30198606885433393,
    "f1-score": 0.29398741490876434,
    "support": 3770.0
  },
  "weighted avg": {
    "precision": 0.3260097000306275,
    "recall": 0.3090185676392573,
    "f1-score": 0.29967206958807935,
    "support": 3770.0
  }
}