{
  "alt.atheism": {
    "precision": 0.5490196078431373,
    "recall": 0.35,
    "f1-score": 0.42748091603053434,
    "support": 160.0
  },
  "comp.graphics": {
    "precision": 0.4666666666666667,
    "recall": 0.5025641025641026,
    "f1-score": 0.4839506172839506,
    "support": 195.0
  },
  "comp.os.ms-windows.misc": {
    "precision": 0.5560975609756098,
    "recall": 0.5786802030456852,
    "f1-score": 0.5671641791044776,
    "support": 197.0
  },
  "comp.sys.ibm.pc.hardware": {
    "precision": 0.5166666666666667,
    "recall": 0.6326530612244898,
    "f1-score": 0.5688073394495413,
    "support": 196.0
  },
  "comp.sys.mac.hardware": {
    "precision": 0.5947368421052631,
    "recall": 0.5854922279792746,
    "f1-score": 0.5900783289817232,
    "support": 193.0
  },
  "comp.windows.x": {
    "precision": 0.630901287553648,
    "recall": 0.7424242424242424,
    "f1-score": 0.6821345707656613,
    "support": 198.0
  },
  "misc.forsale": {
    "precision": 0.680628272251309,
    "recall": 0.6666666666666666,
    "f1-score": 0.6735751295336787,
    "support": 195.0
  },
  "rec.autos": {
    "precision": 0.6483516483516484,
    "recall": 0.5959595959595959,
    "f1-score": 0.6210526315789474,
    "support": 198.0
  },
  "rec.motorcycles": {
    "precision": 0.4468864468864469,
    "recall": 0.6130653266331658,
    "f1-score": 0.5169491525423728,
    "support": 199.0
  },
  "rec.sport.baseball": {
    "precision": 0.8543046357615894,
    "recall": 0.6482412060301508,
    "f1-score": 0.7371428571428571,
    "support": 199.0
  },
  "rec.sport.hockey": {
    "precision": 0.7649769585253456,
    "recall": 0.83,
    "f1-score": 0.7961630695443646,
    "support": 200.0
  },
  "sci.crypt": {
    "precision": 0.6465116279069767,
    "recall": 0.702020202020202,
    "f1-score": 0.6731234866828087,
    "support": 198.0
  },
  "sci.electronics": {
    "precision": 0.6131386861313869,
    "recall": 0.4263959390862944,
    "f1-score": 0.5029940119760479,
    "support": 197.0
  },
  "sci.med": {
    "precision": 0.8214285714285714,
    "recall": 0.696969696969697,
    "f1-score": 0.7540983606557377,
    "support": 198.0
  },
  "sci.space": {
    "precision": 0.7891566265060241,
    "recall": 0.6649746192893401,
    "f1-score": 0.721763085399449,
    "support": 197.0
  },
  "soc.religion.christian": {
    "precision": 0.4956268221574344,
    "recall": 0.8542713567839196,
    "f1-score": 0.6273062730627307,
    "support": 199.0
  },
  "talk.politics.guns": {
    "precision": 0.5601659751037344,
    "recall": 0.7417582417582418,
    "f1-score": 0.6382978723404256,
    "support": 182.0
  },
  "talk.politics.mideast": {
    "precision": 0.7777777777777778,
    "recall": 0.7819148936170213,
    "f1-score": 0.7798408488063661,
    "support": 188.0
  },
  "talk.politics.misc": {
    "precision": 0.6464646464646465,
    "recall": 0.4129032258064516,
    "f1-score": 0.5039370078740157,
    "support": 155.0
  },
  "talk.religion.misc": {
    "precision": 0.5,
    "recall": 0.07142857142857142,
    "f1-score": 0.125,
    "support": 126.0
  },
  "accuracy": 0.6190981432360743,
  "macro avg": {
    "precision": 0.6279753663531942,
    "recall": 0.6049191689643555,
    "f1-score": 0.5995429869377844,
    "support": 3770.0
  },
  "weighted avg": {
    "precision": 0.6311142623530032,
    "recall": 0.6190981432360743,
    "f1-score": 0.6109779064354031,
    "support": 3770.0
  }
}