{
  "alt.atheism": {
    "precision": 0.5986394557823129,
    "recall": 0.55,
    "f1-score": 0.5732899022801303,
    "support": 160.0
  },
  "comp.graphics": {
    "precision": 0.6528497409326425,
    "recall": 0.6461538461538462,
    "f1-score": 0.6494845360824743,
    "support": 195.0
  },
  "comp.os.ms-windows.misc": {
    "precision": 0.698019801980198,
    "recall": 0.7157360406091371,
    "f1-score": 0.706766917293233,
    "support": 197.0
  },
  "comp.sys.ibm.pc.hardware": {
    "precision": 0.657608695652174,
    "recall": 0.6173469387755102,
    "f1-score": 0.6368421052631579,
    "support": 196.0
  },
  "comp.sys.mac.hardware": {
    "precision": 0.6978021978021978,
    "recall": 0.6580310880829016,
    "f1-score": 0.6773333333333333,
    "support": 193.0
  },
  "comp.windows.x": {
    "precision": 0.796875,
    "recall": 0.7727272727272727,
    "f1-score": 0.7846153846153846,
    "support": 198.0
  },
  "misc.forsale": {
    "precision": 0.8108108108108109,
    "recall": 0.7692307692307693,
    "f1-score": 0.7894736842105263,
    "support": 195.0
  },
  "rec.autos": {
    "precision": 0.4624624624624625,
    "recall": 0.7777777777777778,
    "f1-score": 0.5800376647834274,
    "support": 198.0
  },
  "rec.motorcycles": {
    "precision": 0.7954545454545454,
    "recall": 0.7035175879396985,
    "f1-score": 0.7466666666666667,
    "support": 199.0
  },
  "rec.sport.baseball": {
    "precision": 0.8290155440414507,
    "recall": 0.8040201005025126,
    "f1-score": 0.8163265306122449,
    "support": 199.0
  },
  "rec.sport.hockey": {
    "precision": 0.8723404255319149,
    "recall": 0.82,
    "f1-score": 0.845360824742268,
    "support": 200.0
  },
  "sci.crypt": {
    "precision": 0.7448979591836735,
    "recall": 0.7373737373737373,
    "f1-score": 0.7411167512690355,
    "support": 198.0
  },
  "sci.electronics": {
    "precision": 0.5784313725490197,
    "recall": 0.5989847715736041,
    "f1-score": 0.5885286783042394,
    "support": 197.0
  },
  "sci.med": {
    "precision": 0.7823834196891192,
    "recall": 0.7626262626262627,
    "f1-score": 0.7723785166240409,
    "support": 198.0
  },
  "sci.space": {
    "precision": 0.75,
    "recall": 0.8071065989847716,
    "f1-score": 0.7775061124694377,
    "support": 197.0
  },
  "soc.religion.christian": {
    "precision": 0.6778242677824268,
    "recall": 0.8140703517587939,
    "f1-score": 0.7397260273972602,
    "support": 199.0
  },
  "talk.politics.guns": {
    "precision": 0.6534653465346535,
    "recall": 0.7252747252747253,
    "f1-score": 0.6875,
    "support": 182.0
  },
  "talk.politics.mideast": {
    "precision": 0.8813559322033898,
    "recall": 0.8297872340425532,
    "f1-score": 0.8547945205479452,
    "support": 188.0
  },
  "talk.politics.misc": {
    "precision": 0.6814159292035398,
    "recall": 0.4967741935483871,
    "f1-score": 0.5746268656716418,
    "support": 155.0
  },
  "talk.religion.misc": {
    "precision": 0.5254237288135594,
    "recall": 0.24603174603174602,
    "f1-score": 0.33513513513513515,
    "support": 126.0
  },
  "accuracy": 0.7045092838196286,
  "macro avg": {
    "precision": 0.7073538318205046,
    "recall": 0.6926285521507003,
    "f1-score": 0.6938755078650791,
    "support": 3770.0
  },
  "weighted avg": {
    "precision": 0.7121479550108278,
    "recall": 0.7045092838196286,
    "f1-score": 0.7030553788668435,
    "support": 3770.0
  }
}