{
  "alt.atheism": {
    "precision": 0.2,
    "recall": 0.00625,
    "f1-score": 0.012121212121212121,
    "support": 160.0
  },
  "comp.graphics": {
    "precision": 0.0,
    "recall": 0.0,
    "f1-score": 0.0,
    "support": 195.0
  },
  "comp.os.ms-windows.misc": {
    "precision": 0.0,
    "recall": 0.0,
    "f1-score": 0.0,
    "support": 197.0
  },
  "comp.sys.ibm.pc.hardware": {
    "precision": 0.0,
    "recall": 0.0,
    "f1-score": 0.0,
    "support": 196.0
  },
  "comp.sys.mac.hardware": {
    "precision": 0.0,
    "recall": 0.0,
    "f1-score": 0.0,
    "support": 193.0
  },
  "comp.windows.x": {
    "precision": 0.0,
    "recall": 0.0,
    "f1-score": 0.0,
    "support": 198.0
  },
  "misc.forsale": {
    "precision": 0.25,
    "recall": 0.8512820512820513,
    "f1-score": 0.38649592549476136,
    "support": 195.0
  },
  "rec.autos": {
    "precision": 0.3076923076923077,
    "recall": 0.04040404040404041,
    "f1-score": 0.07142857142857142,
    "support": 198.0
  },
  "rec.motorcycles": {
    "precision": 0.2916666666666667,
    "recall": 0.07035175879396985,
    "f1-score": 0.11336032388663968,
    "support": 199.0
  },
  "rec.sport.baseball": {
    "precision": 0.8181818181818182,
    "recall": 0.04522613065326633,
    "f1-score": 0.08571428571428572,
    "support": 199.0
  },
  "rec.sport.hockey": {
    "precision": 0.5625,
    "recall": 0.045,
    "f1-score": 0.08333333333333333,
    "support": 200.0
  },
  "sci.crypt": {
    "precision": 0.6,
    "recall": 0.030303030303030304,
    "f1-score": 0.057692307692307696,
    "support": 198.0
  },
  "sci.electronics": {
    "precision": 0.5333333333333333,
    "recall": 0.16243654822335024,
    "f1-score": 0.2490272373540856,
    "support": 197.0
  },
  "sci.med": {
    "precision": 0.4732142857142857,
    "recall": 0.2676767676767677,
    "f1-score": 0.3419354838709677,
    "support": 198.0
  },
  "sci.space": {
    "precision": 0.441025641025641,
    "recall": 0.4365482233502538,
    "f1-score": 0.4387755102040816,
    "support": 197.0
  },
  "soc.religion.christian": {
    "precision": 0.0,
    "recall": 0.0,
    "f1-score": 0.0,
    "support": 199.0
  },
  "talk.politics.guns": {
    "precision": 0.08583690987124463,
    "recall": 0.10989010989010989,
    "f1-score": 0.0963855421686747,
    "support": 182.0
  },
  "talk.politics.mideast": {
    "precision": 0.0,
    "recall": 0.0,
    "f1-score": 0.0,
    "support": 188.0
  },
  "talk.politics.misc": {
    "precision": 0.074487895716946,
    "recall": 0.7741935483870968,
    "f1-score": 0.13590033975084936,
    "support": 155.0
  },
  "talk.religion.misc": {
    "precision": 0.1281645569620253,
    "recall": 0.6428571428571429,
    "f1-score": 0.21372031662269128,
    "support": 126.0
  },
  "accuracy": 0.16047745358090185,
  "macro avg": {
    "precision": 0.23830517075821342,
    "recall": 0.17412096759105394,
    "f1-score": 0.11429451948212307,
    "support": 3770.0
  },
  "weighted avg": {
    "precision": 0.24477314258301866,
    "recall": 0.16047745358090185,
    "f1-score": 0.11349877871618234,
    "support": 3770.0
  }
}