{
  "alt.atheism": {
    "precision": 0.2857142857142857,
    "recall": 0.0375,
    "f1-score": 0.06629834254143646,
    "support": 160.0
  },
  "comp.graphics": {
    "precision": 0.358974358974359,
    "recall": 0.07179487179487179,
    "f1-score": 0.11965811965811966,
    "support": 195.0
  },
  "comp.os.ms-windows.misc": {
    "precision": 0.14285714285714285,
    "recall": 0.025380710659898477,
    "f1-score": 0.04310344827586207,
    "support": 197.0
  },
  "comp.sys.ibm.pc.hardware": {
    "precision": 0.18691588785046728,
    "recall": 0.10204081632653061,
    "f1-score": 0.132013201320132,
    "support": 196.0
  },
  "comp.sys.mac.hardware": {
    "precision": 0.3333333333333333,
    "recall": 0.03626943005181347,
    "f1-score": 0.06542056074766354,
    "support": 193.0
  },
  "comp.windows.x": {
    "precision": 0.3956043956043956,
    "recall": 0.18181818181818182,
    "f1-score": 0.2491349480968858,
    "support": 198.0
  },
  "misc.forsale": {
    "precision": 0.3291139240506329,
    "recall": 0.13333333333333333,
    "f1-score": 0.1897810218978102,
    "support": 195.0
  },
  "rec.autos": {
    "precision": 0.49624060150375937,
    "recall": 0.3333333333333333,
    "f1-score": 0.3987915407854985,
    "support": 198.0
  },
  "rec.motorcycles": {
    "precision": 0.16666666666666666,
    "recall": 0.03015075376884422,
    "f1-score": 0.05106382978723404,
    "support": 199.0
  },
  "rec.sport.baseball": {
    "precision": 0.06401190919240789,
    "recall": 0.864321608040201,
    "f1-score": 0.1191961191961192,
    "support": 199.0
  },
  "rec.sport.hockey": {
    "precision": 0.6538461538461539,
    "recall": 0.17,
    "f1-score": 0.2698412698412698,
    "support": 200.0
  },
  "sci.crypt": {
    "precision": 0.8181818181818182,
    "recall": 0.3181818181818182,
    "f1-score": 0.4581818181818182,
    "support": 198.0
  },
  "sci.electronics": {
    "precision": 0.1694915254237288,
    "recall": 0.050761421319796954,
    "f1-score": 0.078125,
    "support": 197.0
  },
  "sci.med": {
    "precision": 0.37,
    "recall": 0.18686868686868688,
    "f1-score": 0.2483221476510067,
    "support": 198.0
  },
  "sci.space": {
    "precision": 0.8181818181818182,
    "recall": 0.09137055837563451,
    "f1-score": 0.1643835616438356,
    "support": 197.0
  },
  "soc.religion.christian": {
    "precision": 0.475,
    "recall": 0.19095477386934673,
    "f1-score": 0.2724014336917563,
    "support": 199.0
  },
  "talk.politics.guns": {
    "precision": 0.6607142857142857,
    "recall": 0.2032967032967033,
    "f1-score": 0.31092436974789917,
    "support": 182.0
  },
  "talk.politics.mideast": {
    "precision": 0.7254901960784313,
    "recall": 0.19680851063829788,
    "f1-score": 0.30962343096234307,
    "support": 188.0
  },
  "talk.politics.misc": {
    "precision": 0.4,
    "recall": 0.025806451612903226,
    "f1-score": 0.048484848484848485,
    "support": 155.0
  },
  "talk.religion.misc": {
    "precision": 0.2857142857142857,
    "recall": 0.031746031746031744,
    "f1-score": 0.05714285714285714,
    "support": 126.0
  },
  "accuracy": 0.16976127320954906,
  "macro avg": {
    "precision": 0.4068026294443986,
    "recall": 0.16408689975181137,
    "f1-score": 0.18259459348271978,
    "support": 3770.0
  },
  "weighted avg": {
    "precision": 0.4088227023195438,
    "recall": 0.16976127320954906,
    "f1-score": 0.1871252997431468,
    "support": 3770.0
  }
}