{
  "alt.atheism": {
    "precision": 0.22413793103448276,
    "recall": 0.08125,
    "f1-score": 0.11926605504587157,
    "support": 160.0
  },
  "comp.graphics": {
    "precision": 0.22832369942196531,
    "recall": 0.8102564102564103,
    "f1-score": 0.35625704622322435,
    "support": 195.0
  },
  "comp.os.ms-windows.misc": {
    "precision": 0.4166666666666667,
    "recall": 0.27918781725888325,
    "f1-score": 0.3343465045592705,
    "support": 197.0
  },
  "comp.sys.ibm.pc.hardware": {
    "precision": 0.4125,
    "recall": 0.1683673469387755,
    "f1-score": 0.2391304347826087,
    "support": 196.0
  },
  "comp.sys.mac.hardware": {
    "precision": 0.925,
    "recall": 0.19170984455958548,
    "f1-score": 0.31759656652360513,
    "support": 193.0
  },
  "comp.windows.x": {
    "precision": 0.9743589743589743,
    "recall": 0.1919191919191919,
    "f1-score": 0.3206751054852321,
    "support": 198.0
  },
  "misc.forsale": {
    "precision": 0.3829787234042553,
    "recall": 0.8307692307692308,
    "f1-score": 0.5242718446601942,
    "support": 195.0
  },
  "rec.autos": {
    "precision": 0.4538152610441767,
    "recall": 0.5707070707070707,
    "f1-score": 0.5055928411633109,
    "support": 198.0
  },
  "rec.motorcycles": {
    "precision": 0.46236559139784944,
    "recall": 0.21608040201005024,
    "f1-score": 0.2945205479452055,
    "support": 199.0
  },
  "rec.sport.baseball": {
    "precision": 0.8897058823529411,
    "recall": 0.6080402010050251,
    "f1-score": 0.7223880597014926,
    "support": 199.0
  },
  "rec.sport.hockey": {
    "precision": 0.9576271186440678,
    "recall": 0.565,
    "f1-score": 0.710691823899371,
    "support": 200.0
  },
  "sci.crypt": {
    "precision": 0.38461538461538464,
    "recall": 0.40404040404040403,
    "f1-score": 0.39408866995073893,
    "support": 198.0
  },
  "sci.electronics": {
    "precision": 0.5306122448979592,
    "recall": 0.1319796954314721,
    "f1-score": 0.21138211382113822,
    "support": 197.0
  },
  "sci.med": {
    "precision": 0.6818181818181818,
    "recall": 0.30303030303030304,
    "f1-score": 0.4195804195804196,
    "support": 198.0
  },
  "sci.space": {
    "precision": 0.9090909090909091,
    "recall": 0.6091370558375635,
    "f1-score": 0.729483282674772,
    "support": 197.0
  },
  "soc.religion.christian": {
    "precision": 0.3333333333333333,
    "recall": 0.4321608040201005,
    "f1-score": 0.37636761487964987,
    "support": 199.0
  },
  "talk.politics.guns": {
    "precision": 0.6847826086956522,
    "recall": 0.34615384615384615,
    "f1-score": 0.45985401459854014,
    "support": 182.0
  },
  "talk.politics.mideast": {
    "precision": 0.8859649122807017,
    "recall": 0.5372340425531915,
    "f1-score": 0.6688741721854304,
    "support": 188.0
  },
  "talk.politics.misc": {
    "precision": 0.218436873747495,
    "recall": 0.7032258064516129,
    "f1-score": 0.3333333333333333,
    "support": 155.0
  },
  "talk.religion.misc": {
    "precision": 0.17777777777777778,
    "recall": 0.38095238095238093,
    "f1-score": 0.24242424242424243,
    "support": 126.0
  },
  "accuracy": 0.4188328912466843,
  "macro avg": {
    "precision": 0.5566956037291386,
    "recall": 0.4180600926947549,
    "f1-score": 0.4140062346718826,
    "support": 3770.0
  },
  "weighted avg": {
    "precision": 0.5698803116472778,
    "recall": 0.4188328912466843,
    "f1-score": 0.42067106420690675,
    "support": 3770.0
  }
}