{
  "alt.atheism": {
    "precision": 0.3963963963963964,
    "recall": 0.275,
    "f1-score": 0.3247232472324723,
    "support": 160.0
  },
  "comp.graphics": {
    "precision": 0.5526315789473685,
    "recall": 0.5384615384615384,
    "f1-score": 0.5454545454545454,
    "support": 195.0
  },
  "comp.os.ms-windows.misc": {
    "precision": 0.42788461538461536,
    "recall": 0.4517766497461929,
    "f1-score": 0.43950617283950616,
    "support": 197.0
  },
  "comp.sys.ibm.pc.hardware": {
    "precision": 0.41836734693877553,
    "recall": 0.41836734693877553,
    "f1-score": 0.41836734693877553,
    "support": 196.0
  },
  "comp.sys.mac.hardware": {
    "precision": 0.34831460674157305,
    "recall": 0.32124352331606215,
    "f1-score": 0.33423180592991913,
    "support": 193.0
  },
  "comp.windows.x": {
    "precision": 0.6331658291457286,
    "recall": 0.6363636363636364,
    "f1-score": 0.6347607052896725,
    "support": 198.0
  },
  "misc.forsale": {
    "precision": 0.6351351351351351,
    "recall": 0.48205128205128206,
    "f1-score": 0.5481049562682215,
    "support": 195.0
  },
  "rec.autos": {
    "precision": 0.7570621468926554,
    "recall": 0.6767676767676768,
    "f1-score": 0.7146666666666667,
    "support": 198.0
  },
  "rec.motorcycles": {
    "precision": 0.7051282051282052,
    "recall": 0.5527638190954773,
    "f1-score": 0.6197183098591549,
    "support": 199.0
  },
  "rec.sport.baseball": {
    "precision": 0.5220588235294118,
    "recall": 0.7135678391959799,
    "f1-score": 0.6029723991507431,
    "support": 199.0
  },
  "rec.sport.hockey": {
    "precision": 0.7799043062200957,
    "recall": 0.815,
    "f1-score": 0.7970660146699267,
    "support": 200.0
  },
  "sci.crypt": {
    "precision": 0.7955801104972375,
    "recall": 0.7272727272727273,
    "f1-score": 0.7598944591029023,
    "support": 198.0
  },
  "sci.electronics": {
    "precision": 0.5614973262032086,
    "recall": 0.5329949238578681,
    "f1-score": 0.546875,
    "support": 197.0
  },
  "sci.med": {
    "precision": 0.7048458149779736,
    "recall": 0.8080808080808081,
    "f1-score": 0.7529411764705882,
    "support": 198.0
  },
  "sci.space": {
    "precision": 0.7589743589743589,
    "recall": 0.751269035532995,
    "f1-score": 0.7551020408163265,
    "support": 197.0
  },
  "soc.religion.christian": {
    "precision": 0.5133079847908745,
    "recall": 0.678391959798995,
    "f1-score": 0.5844155844155844,
    "support": 199.0
  },
  "talk.politics.guns": {
    "precision": 0.5445026178010471,
    "recall": 0.5714285714285714,
    "f1-score": 0.5576407506702413,
    "support": 182.0
  },
  "talk.politics.mideast": {
    "precision": 0.6271186440677966,
    "recall": 0.7872340425531915,
    "f1-score": 0.6981132075471698,
    "support": 188.0
  },
  "talk.politics.misc": {
    "precision": 0.3741496598639456,
    "recall": 0.3548387096774194,
    "f1-score": 0.36423841059602646,
    "support": 155.0
  },
  "talk.religion.misc": {
    "precision": 0.23232323232323232,
    "recall": 0.18253968253968253,
    "f1-score": 0.20444444444444446,
    "support": 126.0
  },
  "accuracy": 0.5763925729442971,
  "macro avg": {
    "precision": 0.5644174369979817,
    "recall": 0.5637706886339439,
    "f1-score": 0.5601618622181443,
    "support": 3770.0
  },
  "weighted avg": {
    "precision": 0.5749711911080958,
    "recall": 0.5763925729442971,
    "f1-score": 0.571747224967535,
    "support": 3770.0
  }
}