{
  "alt.atheism": {
    "precision": 0.5821917808219178,
    "recall": 0.53125,
    "f1-score": 0.5555555555555556,
    "support": 160.0
  },
  "comp.graphics": {
    "precision": 0.7171717171717171,
    "recall": 0.7282051282051282,
    "f1-score": 0.72264631043257,
    "support": 195.0
  },
  "comp.os.ms-windows.misc": {
    "precision": 0.746031746031746,
    "recall": 0.7157360406091371,
    "f1-score": 0.7305699481865285,
    "support": 197.0
  },
  "comp.sys.ibm.pc.hardware": {
    "precision": 0.6931216931216931,
    "recall": 0.6683673469387755,
    "f1-score": 0.6805194805194805,
    "support": 196.0
  },
  "comp.sys.mac.hardware": {
    "precision": 0.7810650887573964,
    "recall": 0.6839378238341969,
    "f1-score": 0.7292817679558011,
    "support": 193.0
  },
  "comp.windows.x": {
    "precision": 0.8358974358974359,
    "recall": 0.8232323232323232,
    "f1-score": 0.8295165394402035,
    "support": 198.0
  },
  "misc.forsale": {
    "precision": 0.7548076923076923,
    "recall": 0.8051282051282052,
    "f1-score": 0.7791563275434243,
    "support": 195.0
  },
  "rec.autos": {
    "precision": 0.5688405797101449,
    "recall": 0.7929292929292929,
    "f1-score": 0.6624472573839663,
    "support": 198.0
  },
  "rec.motorcycles": {
    "precision": 0.797752808988764,
    "recall": 0.7135678391959799,
    "f1-score": 0.753315649867374,
    "support": 199.0
  },
  "rec.sport.baseball": {
    "precision": 0.8978494623655914,
    "recall": 0.8391959798994975,
    "f1-score": 0.8675324675324675,
    "support": 199.0
  },
  "rec.sport.hockey": {
    "precision": 0.890625,
    "recall": 0.855,
    "f1-score": 0.8724489795918368,
    "support": 200.0
  },
  "sci.crypt": {
    "precision": 0.8378378378378378,
    "recall": 0.7828282828282829,
    "f1-score": 0.8093994778067886,
    "support": 198.0
  },
  "sci.electronics": {
    "precision": 0.6934673366834171,
    "recall": 0.700507614213198,
    "f1-score": 0.696969696969697,
    "support": 197.0
  },
  "sci.med": {
    "precision": 0.8181818181818182,
    "recall": 0.8636363636363636,
    "f1-score": 0.8402948402948403,
    "support": 198.0
  },
  "sci.space": {
    "precision": 0.8115942028985508,
    "recall": 0.8527918781725888,
    "f1-score": 0.8316831683168316,
    "support": 197.0
  },
  "soc.religion.christian": {
    "precision": 0.7312775330396476,
    "recall": 0.8341708542713567,
    "f1-score": 0.7793427230046949,
    "support": 199.0
  },
  "talk.politics.guns": {
    "precision": 0.6774193548387096,
    "recall": 0.6923076923076923,
    "f1-score": 0.6847826086956522,
    "support": 182.0
  },
  "talk.politics.mideast": {
    "precision": 0.8473684210526315,
    "recall": 0.8563829787234043,
    "f1-score": 0.8518518518518519,
    "support": 188.0
  },
  "talk.politics.misc": {
    "precision": 0.6168831168831169,
    "recall": 0.6129032258064516,
    "f1-score": 0.6148867313915858,
    "support": 155.0
  },
  "talk.religion.misc": {
    "precision": 0.4367816091954023,
    "recall": 0.30158730158730157,
    "f1-score": 0.3568075117370892,
    "support": 126.0
  },
  "accuracy": 0.7442970822281167,
  "macro avg": {
    "precision": 0.7368083117892615,
    "recall": 0.7326833085759589,
    "f1-score": 0.7324504447039121,
    "support": 3770.0
  },
  "weighted avg": {
    "precision": 0.7455173773736248,
    "recall": 0.7442970822281167,
    "f1-score": 0.7427481033515098,
    "support": 3770.0
  }
}