{
  "alt.atheism": {
    "precision": 0.3564356435643564,
    "recall": 0.225,
    "f1-score": 0.27586206896551724,
    "support": 160.0
  },
  "comp.graphics": {
    "precision": 0.3305439330543933,
    "recall": 0.40512820512820513,
    "f1-score": 0.3640552995391705,
    "support": 195.0
  },
  "comp.os.ms-windows.misc": {
    "precision": 0.14835164835164835,
    "recall": 0.13705583756345177,
    "f1-score": 0.1424802110817942,
    "support": 197.0
  },
  "comp.sys.ibm.pc.hardware": {
    "precision": 0.3597122302158273,
    "recall": 0.25510204081632654,
    "f1-score": 0.29850746268656714,
    "support": 196.0
  },
  "comp.sys.mac.hardware": {
    "precision": 0.24752475247524752,
    "recall": 0.12953367875647667,
    "f1-score": 0.17006802721088435,
    "support": 193.0
  },
  "comp.windows.x": {
    "precision": 0.3333333333333333,
    "recall": 0.5202020202020202,
    "f1-score": 0.40631163708086787,
    "support": 198.0
  },
  "misc.forsale": {
    "precision": 0.7342657342657343,
    "recall": 0.5384615384615384,
    "f1-score": 0.621301775147929,
    "support": 195.0
  },
  "rec.autos": {
    "precision": 0.6428571428571429,
    "recall": 0.6363636363636364,
    "f1-score": 0.6395939086294417,
    "support": 198.0
  },
  "rec.motorcycles": {
    "precision": 0.5268817204301075,
    "recall": 0.49246231155778897,
    "f1-score": 0.509090909090909,
    "support": 199.0
  },
  "rec.sport.baseball": {
    "precision": 0.411371237458194,
    "recall": 0.6180904522613065,
    "f1-score": 0.4939759036144578,
    "support": 199.0
  },
  "rec.sport.hockey": {
    "precision": 0.6083650190114068,
    "recall": 0.8,
    "f1-score": 0.6911447084233261,
    "support": 200.0
  },
  "sci.crypt": {
    "precision": 0.6457399103139013,
    "recall": 0.7272727272727273,
    "f1-score": 0.684085510688836,
    "support": 198.0
  },
  "sci.electronics": {
    "precision": 0.5526315789473685,
    "recall": 0.3197969543147208,
    "f1-score": 0.40514469453376206,
    "support": 197.0
  },
  "sci.med": {
    "precision": 0.6435643564356436,
    "recall": 0.6565656565656566,
    "f1-score": 0.65,
    "support": 198.0
  },
  "sci.space": {
    "precision": 0.6836734693877551,
    "recall": 0.6802030456852792,
    "f1-score": 0.6819338422391857,
    "support": 197.0
  },
  "soc.religion.christian": {
    "precision": 0.4,
    "recall": 0.7738693467336684,
    "f1-score": 0.5273972602739726,
    "support": 199.0
  },
  "talk.politics.guns": {
    "precision": 0.519774011299435,
    "recall": 0.5054945054945055,
    "f1-score": 0.5125348189415042,
    "support": 182.0
  },
  "talk.politics.mideast": {
    "precision": 0.5887445887445888,
    "recall": 0.723404255319149,
    "f1-score": 0.649164677804296,
    "support": 188.0
  },
  "talk.politics.misc": {
    "precision": 0.35443037974683544,
    "recall": 0.18064516129032257,
    "f1-score": 0.23931623931623933,
    "support": 155.0
  },
  "talk.religion.misc": {
    "precision": 0.2,
    "recall": 0.007936507936507936,
    "f1-score": 0.015267175572519083,
    "support": 126.0
  },
  "accuracy": 0.48116710875331564,
  "macro avg": {
    "precision": 0.46441003449464596,
    "recall": 0.46662939408616433,
    "f1-score": 0.448861806542059,
    "support": 3770.0
  },
  "weighted avg": {
    "precision": 0.4715367890770446,
    "recall": 0.48116710875331564,
    "f1-score": 0.4610630570104562,
    "support": 3770.0
  }
}