{
  "alt.atheism": {
    "precision": 0.4621212121212121,
    "recall": 0.38125,
    "f1-score": 0.4178082191780822,
    "support": 160.0
  },
  "comp.graphics": {
    "precision": 0.6190476190476191,
    "recall": 0.6666666666666666,
    "f1-score": 0.6419753086419753,
    "support": 195.0
  },
  "comp.os.ms-windows.misc": {
    "precision": 0.6480446927374302,
    "recall": 0.5888324873096447,
    "f1-score": 0.6170212765957447,
    "support": 197.0
  },
  "comp.sys.ibm.pc.hardware": {
    "precision": 0.6096256684491979,
    "recall": 0.5816326530612245,
    "f1-score": 0.5953002610966057,
    "support": 196.0
  },
  "comp.sys.mac.hardware": {
    "precision": 0.6851851851851852,
    "recall": 0.5751295336787565,
    "f1-score": 0.6253521126760564,
    "support": 193.0
  },
  "comp.windows.x": {
    "precision": 0.7846153846153846,
    "recall": 0.7727272727272727,
    "f1-score": 0.7786259541984732,
    "support": 198.0
  },
  "misc.forsale": {
    "precision": 0.7403846153846154,
    "recall": 0.7897435897435897,
    "f1-score": 0.7642679900744417,
    "support": 195.0
  },
  "rec.autos": {
    "precision": 0.8033707865168539,
    "recall": 0.7222222222222222,
    "f1-score": 0.7606382978723404,
    "support": 198.0
  },
  "rec.motorcycles": {
    "precision": 0.7473118279569892,
    "recall": 0.6984924623115578,
    "f1-score": 0.7220779220779221,
    "support": 199.0
  },
  "rec.sport.baseball": {
    "precision": 0.6075085324232082,
    "recall": 0.8944723618090452,
    "f1-score": 0.7235772357723578,
    "support": 199.0
  },
  "rec.sport.hockey": {
    "precision": 0.9180327868852459,
    "recall": 0.84,
    "f1-score": 0.8772845953002611,
    "support": 200.0
  },
  "sci.crypt": {
    "precision": 0.7378640776699029,
    "recall": 0.7676767676767676,
    "f1-score": 0.7524752475247525,
    "support": 198.0
  },
  "sci.electronics": {
    "precision": 0.656084656084656,
    "recall": 0.6294416243654822,
    "f1-score": 0.6424870466321243,
    "support": 197.0
  },
  "sci.med": {
    "precision": 0.7863636363636364,
    "recall": 0.8737373737373737,
    "f1-score": 0.8277511961722488,
    "support": 198.0
  },
  "sci.space": {
    "precision": 0.7559808612440191,
    "recall": 0.8020304568527918,
    "f1-score": 0.7783251231527094,
    "support": 197.0
  },
  "soc.religion.christian": {
    "precision": 0.6468253968253969,
    "recall": 0.8190954773869347,
    "f1-score": 0.7228381374722838,
    "support": 199.0
  },
  "talk.politics.guns": {
    "precision": 0.6363636363636364,
    "recall": 0.6538461538461539,
    "f1-score": 0.6449864498644986,
    "support": 182.0
  },
  "talk.politics.mideast": {
    "precision": 0.7920792079207921,
    "recall": 0.851063829787234,
    "f1-score": 0.8205128205128205,
    "support": 188.0
  },
  "talk.politics.misc": {
    "precision": 0.5496688741721855,
    "recall": 0.535483870967742,
    "f1-score": 0.5424836601307189,
    "support": 155.0
  },
  "talk.religion.misc": {
    "precision": 0.4146341463414634,
    "recall": 0.1349206349206349,
    "f1-score": 0.20359281437125748,
    "support": 126.0
  },
  "accuracy": 0.6938992042440318,
  "macro avg": {
    "precision": 0.6800556402154316,
    "recall": 0.6789232719535547,
    "f1-score": 0.6729690834658838,
    "support": 3770.0
  },
  "weighted avg": {
    "precision": 0.6888386806260681,
    "recall": 0.6938992042440318,
    "f1-score": 0.6859203195837242,
    "support": 3770.0
  }
}