{
  "alt.atheism": {
    "precision": 0.2975206611570248,
    "recall": 0.225,
    "f1-score": 0.25622775800711745,
    "support": 160.0
  },
  "comp.graphics": {
    "precision": 0.4852941176470588,
    "recall": 0.5076923076923077,
    "f1-score": 0.49624060150375937,
    "support": 195.0
  },
  "comp.os.ms-windows.misc": {
    "precision": 0.32571428571428573,
    "recall": 0.2893401015228426,
    "f1-score": 0.3064516129032258,
    "support": 197.0
  },
  "comp.sys.ibm.pc.hardware": {
    "precision": 0.42473118279569894,
    "recall": 0.4030612244897959,
    "f1-score": 0.41361256544502617,
    "support": 196.0
  },
  "comp.sys.mac.hardware": {
    "precision": 0.2920353982300885,
    "recall": 0.17098445595854922,
    "f1-score": 0.21568627450980393,
    "support": 193.0
  },
  "comp.windows.x": {
    "precision": 0.5336322869955157,
    "recall": 0.601010101010101,
    "f1-score": 0.5653206650831354,
    "support": 198.0
  },
  "misc.forsale": {
    "precision": 0.5409090909090909,
    "recall": 0.6102564102564103,
    "f1-score": 0.5734939759036145,
    "support": 195.0
  },
  "rec.autos": {
    "precision": 0.6495327102803738,
    "recall": 0.702020202020202,
    "f1-score": 0.6747572815533981,
    "support": 198.0
  },
  "rec.motorcycles": {
    "precision": 0.5357142857142857,
    "recall": 0.3015075376884422,
    "f1-score": 0.3858520900321543,
    "support": 199.0
  },
  "rec.sport.baseball": {
    "precision": 0.45147679324894513,
    "recall": 0.5376884422110553,
    "f1-score": 0.4908256880733945,
    "support": 199.0
  },
  "rec.sport.hockey": {
    "precision": 0.5836298932384342,
    "recall": 0.82,
    "f1-score": 0.681912681912682,
    "support": 200.0
  },
  "sci.crypt": {
    "precision": 0.6844660194174758,
    "recall": 0.7121212121212122,
    "f1-score": 0.698019801980198,
    "support": 198.0
  },
  "sci.electronics": {
    "precision": 0.4607329842931937,
    "recall": 0.4467005076142132,
    "f1-score": 0.4536082474226804,
    "support": 197.0
  },
  "sci.med": {
    "precision": 0.6244541484716157,
    "recall": 0.7222222222222222,
    "f1-score": 0.6697892271662763,
    "support": 198.0
  },
  "sci.space": {
    "precision": 0.7142857142857143,
    "recall": 0.6852791878172588,
    "f1-score": 0.6994818652849741,
    "support": 197.0
  },
  "soc.religion.christian": {
    "precision": 0.47115384615384615,
    "recall": 0.7386934673366834,
    "f1-score": 0.5753424657534246,
    "support": 199.0
  },
  "talk.politics.guns": {
    "precision": 0.47596153846153844,
    "recall": 0.5439560439560439,
    "f1-score": 0.5076923076923077,
    "support": 182.0
  },
  "talk.politics.mideast": {
    "precision": 0.5859030837004405,
    "recall": 0.7074468085106383,
    "f1-score": 0.6409638554216868,
    "support": 188.0
  },
  "talk.politics.misc": {
    "precision": 0.3804347826086957,
    "recall": 0.22580645161290322,
    "f1-score": 0.2834008097165992,
    "support": 155.0
  },
  "talk.religion.misc": {
    "precision": 0.16666666666666666,
    "recall": 0.03968253968253968,
    "f1-score": 0.0641025641025641,
    "support": 126.0
  },
  "accuracy": 0.5140583554376658,
  "macro avg": {
    "precision": 0.4842124744994994,
    "recall": 0.4995234611861711,
    "f1-score": 0.48263911697340117,
    "support": 3770.0
  },
  "weighted avg": {
    "precision": 0.49338968847065734,
    "recall": 0.5140583554376658,
    "f1-score": 0.49507197802289604,
    "support": 3770.0
  }
}