{
  "alt.atheism": {
    "precision": 0.4752475247524752,
    "recall": 0.3,
    "f1-score": 0.367816091954023,
    "support": 160.0
  },
  "comp.graphics": {
    "precision": 0.31992337164750956,
    "recall": 0.8564102564102564,
    "f1-score": 0.46582984658298465,
    "support": 195.0
  },
  "comp.os.ms-windows.misc": {
    "precision": 0.38434163701067614,
    "recall": 0.5482233502538071,
    "f1-score": 0.45188284518828453,
    "support": 197.0
  },
  "comp.sys.ibm.pc.hardware": {
    "precision": 0.514018691588785,
    "recall": 0.28061224489795916,
    "f1-score": 0.36303630363036304,
    "support": 196.0
  },
  "comp.sys.mac.hardware": {
    "precision": 0.896551724137931,
    "recall": 0.40414507772020725,
    "f1-score": 0.5571428571428572,
    "support": 193.0
  },
  "comp.windows.x": {
    "precision": 0.9827586206896551,
    "recall": 0.2878787878787879,
    "f1-score": 0.4453125,
    "support": 198.0
  },
  "misc.forsale": {
    "precision": 0.42779291553133514,
    "recall": 0.8051282051282052,
    "f1-score": 0.5587188612099644,
    "support": 195.0
  },
  "rec.autos": {
    "precision": 0.4691780821917808,
    "recall": 0.6919191919191919,
    "f1-score": 0.5591836734693878,
    "support": 198.0
  },
  "rec.motorcycles": {
    "precision": 0.6885245901639344,
    "recall": 0.21105527638190955,
    "f1-score": 0.3230769230769231,
    "support": 199.0
  },
  "rec.sport.baseball": {
    "precision": 0.8554216867469879,
    "recall": 0.7135678391959799,
    "f1-score": 0.7780821917808219,
    "support": 199.0
  },
  "rec.sport.hockey": {
    "precision": 0.7630057803468208,
    "recall": 0.66,
    "f1-score": 0.707774798927614,
    "support": 200.0
  },
  "sci.crypt": {
    "precision": 0.7692307692307693,
    "recall": 0.40404040404040403,
    "f1-score": 0.5298013245033113,
    "support": 198.0
  },
  "sci.electronics": {
    "precision": 0.43209876543209874,
    "recall": 0.3553299492385787,
    "f1-score": 0.38997214484679665,
    "support": 197.0
  },
  "sci.med": {
    "precision": 0.8541666666666666,
    "recall": 0.6212121212121212,
    "f1-score": 0.7192982456140351,
    "support": 198.0
  },
  "sci.space": {
    "precision": 0.9236641221374046,
    "recall": 0.6142131979695431,
    "f1-score": 0.7378048780487805,
    "support": 197.0
  },
  "soc.religion.christian": {
    "precision": 0.4574898785425101,
    "recall": 0.5678391959798995,
    "f1-score": 0.5067264573991032,
    "support": 199.0
  },
  "talk.politics.guns": {
    "precision": 0.65625,
    "recall": 0.23076923076923078,
    "f1-score": 0.34146341463414637,
    "support": 182.0
  },
  "talk.politics.mideast": {
    "precision": 0.8306451612903226,
    "recall": 0.5478723404255319,
    "f1-score": 0.6602564102564102,
    "support": 188.0
  },
  "talk.politics.misc": {
    "precision": 0.26666666666666666,
    "recall": 0.6967741935483871,
    "f1-score": 0.38571428571428573,
    "support": 155.0
  },
  "talk.religion.misc": {
    "precision": 0.1724137931034483,
    "recall": 0.23809523809523808,
    "f1-score": 0.2,
    "support": 126.0
  },
  "accuracy": 0.5074270557029178,
  "macro avg": {
    "precision": 0.6069695223938888,
    "recall": 0.5017543050532618,
    "f1-score": 0.5024447026990047,
    "support": 3770.0
  },
  "weighted avg": {
    "precision": 0.6198637638414723,
    "recall": 0.5074270557029178,
    "f1-score": 0.5112760372565133,
    "support": 3770.0
  }
}