{
  "alt.atheism": {
    "precision": 0.5656565656565656,
    "recall": 0.35,
    "f1-score": 0.43243243243243246,
    "support": 160.0
  },
  "comp.graphics": {
    "precision": 0.6878306878306878,
    "recall": 0.6666666666666666,
    "f1-score": 0.6770833333333334,
    "support": 195.0
  },
  "comp.os.ms-windows.misc": {
    "precision": 0.6918604651162791,
    "recall": 0.6040609137055838,
    "f1-score": 0.6449864498644986,
    "support": 197.0
  },
  "comp.sys.ibm.pc.hardware": {
    "precision": 0.6142857142857143,
    "recall": 0.6581632653061225,
    "f1-score": 0.6354679802955665,
    "support": 196.0
  },
  "comp.sys.mac.hardware": {
    "precision": 0.6815286624203821,
    "recall": 0.5544041450777202,
    "f1-score": 0.6114285714285714,
    "support": 193.0
  },
  "comp.windows.x": {
    "precision": 0.7708333333333334,
    "recall": 0.7474747474747475,
    "f1-score": 0.7589743589743589,
    "support": 198.0
  },
  "misc.forsale": {
    "precision": 0.6768558951965066,
    "recall": 0.7948717948717948,
    "f1-score": 0.7311320754716981,
    "support": 195.0
  },
  "rec.autos": {
    "precision": 0.5592592592592592,
    "recall": 0.7626262626262627,
    "f1-score": 0.6452991452991453,
    "support": 198.0
  },
  "rec.motorcycles": {
    "precision": 0.7444444444444445,
    "recall": 0.6733668341708543,
    "f1-score": 0.7071240105540897,
    "support": 199.0
  },
  "rec.sport.baseball": {
    "precision": 0.8484848484848485,
    "recall": 0.8442211055276382,
    "f1-score": 0.8463476070528967,
    "support": 199.0
  },
  "rec.sport.hockey": {
    "precision": 0.8888888888888888,
    "recall": 0.84,
    "f1-score": 0.8637532133676092,
    "support": 200.0
  },
  "sci.crypt": {
    "precision": 0.7246376811594203,
    "recall": 0.7575757575757576,
    "f1-score": 0.7407407407407407,
    "support": 198.0
  },
  "sci.electronics": {
    "precision": 0.7560975609756098,
    "recall": 0.6294416243654822,
    "f1-score": 0.6869806094182825,
    "support": 197.0
  },
  "sci.med": {
    "precision": 0.6949152542372882,
    "recall": 0.8282828282828283,
    "f1-score": 0.7557603686635944,
    "support": 198.0
  },
  "sci.space": {
    "precision": 0.7821782178217822,
    "recall": 0.8020304568527918,
    "f1-score": 0.7919799498746867,
    "support": 197.0
  },
  "soc.religion.christian": {
    "precision": 0.5791245791245792,
    "recall": 0.864321608040201,
    "f1-score": 0.6935483870967742,
    "support": 199.0
  },
  "talk.politics.guns": {
    "precision": 0.5495867768595041,
    "recall": 0.7307692307692307,
    "f1-score": 0.6273584905660378,
    "support": 182.0
  },
  "talk.politics.mideast": {
    "precision": 0.7358490566037735,
    "recall": 0.8297872340425532,
    "f1-score": 0.78,
    "support": 188.0
  },
  "talk.politics.misc": {
    "precision": 0.5897435897435898,
    "recall": 0.44516129032258067,
    "f1-score": 0.5073529411764706,
    "support": 155.0
  },
  "talk.religion.misc": {
    "precision": 0.375,
    "recall": 0.023809523809523808,
    "f1-score": 0.04477611940298507,
    "support": 126.0
  },
  "accuracy": 0.6880636604774536,
  "macro avg": {
    "precision": 0.6758530740721229,
    "recall": 0.670351764474417,
    "f1-score": 0.6591263392506888,
    "support": 3770.0
  },
  "weighted avg": {
    "precision": 0.6841808465230917,
    "recall": 0.6880636604774536,
    "f1-score": 0.674834995347949,
    "support": 3770.0
  }
}