{
  "alt.atheism": {
    "precision": 0.5,
    "recall": 0.43125,
    "f1-score": 0.46308724832214765,
    "support": 160.0
  },
  "comp.graphics": {
    "precision": 0.71875,
    "recall": 0.7076923076923077,
    "f1-score": 0.7131782945736435,
    "support": 195.0
  },
  "comp.os.ms-windows.misc": {
    "precision": 0.7472527472527473,
    "recall": 0.6903553299492385,
    "f1-score": 0.7176781002638523,
    "support": 197.0
  },
  "comp.sys.ibm.pc.hardware": {
    "precision": 0.6571428571428571,
    "recall": 0.7040816326530612,
    "f1-score": 0.6798029556650246,
    "support": 196.0
  },
  "comp.sys.mac.hardware": {
    "precision": 0.7972972972972973,
    "recall": 0.6113989637305699,
    "f1-score": 0.6920821114369502,
    "support": 193.0
  },
  "comp.windows.x": {
    "precision": 0.8205128205128205,
    "recall": 0.8080808080808081,
    "f1-score": 0.8142493638676844,
    "support": 198.0
  },
  "misc.forsale": {
    "precision": 0.7013574660633484,
    "recall": 0.7948717948717948,
    "f1-score": 0.7451923076923077,
    "support": 195.0
  },
  "rec.autos": {
    "precision": 0.5583941605839416,
    "recall": 0.7727272727272727,
    "f1-score": 0.6483050847457628,
    "support": 198.0
  },
  "rec.motorcycles": {
    "precision": 0.7740112994350282,
    "recall": 0.6884422110552764,
    "f1-score": 0.7287234042553191,
    "support": 199.0
  },
  "rec.sport.baseball": {
    "precision": 0.8390243902439024,
    "recall": 0.864321608040201,
    "f1-score": 0.8514851485148515,
    "support": 199.0
  },
  "rec.sport.hockey": {
    "precision": 0.9144385026737968,
    "recall": 0.855,
    "f1-score": 0.8837209302325582,
    "support": 200.0
  },
  "sci.crypt": {
    "precision": 0.7760416666666666,
    "recall": 0.7525252525252525,
    "f1-score": 0.764102564102564,
    "support": 198.0
  },
  "sci.electronics": {
    "precision": 0.7692307692307693,
    "recall": 0.6598984771573604,
    "f1-score": 0.7103825136612022,
    "support": 197.0
  },
  "sci.med": {
    "precision": 0.7557603686635944,
    "recall": 0.8282828282828283,
    "f1-score": 0.7903614457831325,
    "support": 198.0
  },
  "sci.space": {
    "precision": 0.7638888888888888,
    "recall": 0.8375634517766497,
    "f1-score": 0.7990314769975787,
    "support": 197.0
  },
  "soc.religion.christian": {
    "precision": 0.6477272727272727,
    "recall": 0.8592964824120602,
    "f1-score": 0.7386609071274298,
    "support": 199.0
  },
  "talk.politics.guns": {
    "precision": 0.6146788990825688,
    "recall": 0.7362637362637363,
    "f1-score": 0.67,
    "support": 182.0
  },
  "talk.politics.mideast": {
    "precision": 0.7881773399014779,
    "recall": 0.851063829787234,
    "f1-score": 0.8184143222506394,
    "support": 188.0
  },
  "talk.politics.misc": {
    "precision": 0.5540540540540541,
    "recall": 0.5290322580645161,
    "f1-score": 0.5412541254125413,
    "support": 155.0
  },
  "talk.religion.misc": {
    "precision": 0.5714285714285714,
    "recall": 0.06349206349206349,
    "f1-score": 0.11428571428571428,
    "support": 126.0
  },
  "accuracy": 0.7188328912466844,
  "macro avg": {
    "precision": 0.7134584685924802,
    "recall": 0.7022820154281115,
    "f1-score": 0.6941999009595452,
    "support": 3770.0
  },
  "weighted avg": {
    "precision": 0.7203872390817302,
    "recall": 0.7188328912466844,
    "f1-score": 0.7092020533882939,
    "support": 3770.0
  }
}