{
  "alt.atheism": {
    "precision": 0.37373737373737376,
    "recall": 0.23125,
    "f1-score": 0.2857142857142857,
    "support": 160.0
  },
  "comp.graphics": {
    "precision": 0.4254658385093168,
    "recall": 0.7025641025641025,
    "f1-score": 0.5299806576402321,
    "support": 195.0
  },
  "comp.os.ms-windows.misc": {
    "precision": 0.4864864864864865,
    "recall": 0.5482233502538071,
    "f1-score": 0.5155131264916468,
    "support": 197.0
  },
  "comp.sys.ibm.pc.hardware": {
    "precision": 0.5136612021857924,
    "recall": 0.47959183673469385,
    "f1-score": 0.49604221635883905,
    "support": 196.0
  },
  "comp.sys.mac.hardware": {
    "precision": 0.8876404494382022,
    "recall": 0.40932642487046633,
    "f1-score": 0.5602836879432624,
    "support": 193.0
  },
  "comp.windows.x": {
    "precision": 0.9036144578313253,
    "recall": 0.3787878787878788,
    "f1-score": 0.5338078291814946,
    "support": 198.0
  },
  "misc.forsale": {
    "precision": 0.42296918767507,
    "recall": 0.7743589743589744,
    "f1-score": 0.5471014492753623,
    "support": 195.0
  },
  "rec.autos": {
    "precision": 0.4796380090497738,
    "recall": 0.5353535353535354,
    "f1-score": 0.5059665871121718,
    "support": 198.0
  },
  "rec.motorcycles": {
    "precision": 0.9074074074074074,
    "recall": 0.24623115577889448,
    "f1-score": 0.38735177865612647,
    "support": 199.0
  },
  "rec.sport.baseball": {
    "precision": 0.9141104294478528,
    "recall": 0.7487437185929648,
    "f1-score": 0.8232044198895028,
    "support": 199.0
  },
  "rec.sport.hockey": {
    "precision": 0.7710843373493976,
    "recall": 0.64,
    "f1-score": 0.6994535519125683,
    "support": 200.0
  },
  "sci.crypt": {
    "precision": 0.8316831683168316,
    "recall": 0.42424242424242425,
    "f1-score": 0.5618729096989966,
    "support": 198.0
  },
  "sci.electronics": {
    "precision": 0.28695652173913044,
    "recall": 0.5025380710659898,
    "f1-score": 0.36531365313653136,
    "support": 197.0
  },
  "sci.med": {
    "precision": 0.8141025641025641,
    "recall": 0.6414141414141414,
    "f1-score": 0.7175141242937854,
    "support": 198.0
  },
  "sci.space": {
    "precision": 0.8943661971830986,
    "recall": 0.6446700507614214,
    "f1-score": 0.7492625368731564,
    "support": 197.0
  },
  "soc.religion.christian": {
    "precision": 0.49377593360995853,
    "recall": 0.5979899497487438,
    "f1-score": 0.5409090909090909,
    "support": 199.0
  },
  "talk.politics.guns": {
    "precision": 0.41228070175438597,
    "recall": 0.25824175824175827,
    "f1-score": 0.31756756756756754,
    "support": 182.0
  },
  "talk.politics.mideast": {
    "precision": 0.8636363636363636,
    "recall": 0.5053191489361702,
    "f1-score": 0.6375838926174496,
    "support": 188.0
  },
  "talk.politics.misc": {
    "precision": 0.25307125307125306,
    "recall": 0.6645161290322581,
    "f1-score": 0.3665480427046263,
    "support": 155.0
  },
  "talk.religion.misc": {
    "precision": 0.16923076923076924,
    "recall": 0.2619047619047619,
    "f1-score": 0.205607476635514,
    "support": 126.0
  },
  "accuracy": 0.516445623342175,
  "macro avg": {
    "precision": 0.6052459325881175,
    "recall": 0.5097633706321494,
    "f1-score": 0.5173299442306105,
    "support": 3770.0
  },
  "weighted avg": {
    "precision": 0.6202788228714727,
    "recall": 0.516445623342175,
    "f1-score": 0.5279158477502284,
    "support": 3770.0
  }
}