{
  "alt.atheism": {
    "precision": 0.6754966887417219,
    "recall": 0.6375,
    "f1-score": 0.6559485530546624,
    "support": 160.0
  },
  "comp.graphics": {
    "precision": 0.7391304347826086,
    "recall": 0.7846153846153846,
    "f1-score": 0.7611940298507462,
    "support": 195.0
  },
  "comp.os.ms-windows.misc": {
    "precision": 0.7540106951871658,
    "recall": 0.7157360406091371,
    "f1-score": 0.734375,
    "support": 197.0
  },
  "comp.sys.ibm.pc.hardware": {
    "precision": 0.7564766839378239,
    "recall": 0.7448979591836735,
    "f1-score": 0.7506426735218509,
    "support": 196.0
  },
  "comp.sys.mac.hardware": {
    "precision": 0.7932960893854749,
    "recall": 0.7357512953367875,
    "f1-score": 0.7634408602150538,
    "support": 193.0
  },
  "comp.windows.x": {
    "precision": 0.8465608465608465,
    "recall": 0.8080808080808081,
    "f1-score": 0.8268733850129198,
    "support": 198.0
  },
  "misc.forsale": {
    "precision": 0.8010204081632653,
    "recall": 0.8051282051282052,
    "f1-score": 0.80306905370844,
    "support": 195.0
  },
  "rec.autos": {
    "precision": 0.525974025974026,
    "recall": 0.8181818181818182,
    "f1-score": 0.6403162055335968,
    "support": 198.0
  },
  "rec.motorcycles": {
    "precision": 0.8368421052631579,
    "recall": 0.7989949748743719,
    "f1-score": 0.8174807197943444,
    "support": 199.0
  },
  "rec.sport.baseball": {
    "precision": 0.8934010152284264,
    "recall": 0.8844221105527639,
    "f1-score": 0.8888888888888888,
    "support": 199.0
  },
  "rec.sport.hockey": {
    "precision": 0.9550561797752809,
    "recall": 0.85,
    "f1-score": 0.8994708994708994,
    "support": 200.0
  },
  "sci.crypt": {
    "precision": 0.85,
    "recall": 0.7727272727272727,
    "f1-score": 0.8095238095238095,
    "support": 198.0
  },
  "sci.electronics": {
    "precision": 0.7668393782383419,
    "recall": 0.751269035532995,
    "f1-score": 0.7589743589743589,
    "support": 197.0
  },
  "sci.med": {
    "precision": 0.8615384615384616,
    "recall": 0.8484848484848485,
    "f1-score": 0.8549618320610687,
    "support": 198.0
  },
  "sci.space": {
    "precision": 0.8221153846153846,
    "recall": 0.868020304568528,
    "f1-score": 0.8444444444444444,
    "support": 197.0
  },
  "soc.religion.christian": {
    "precision": 0.7339055793991416,
    "recall": 0.8592964824120602,
    "f1-score": 0.7916666666666666,
    "support": 199.0
  },
  "talk.politics.guns": {
    "precision": 0.7473684210526316,
    "recall": 0.7802197802197802,
    "f1-score": 0.7634408602150538,
    "support": 182.0
  },
  "talk.politics.mideast": {
    "precision": 0.8722222222222222,
    "recall": 0.8351063829787234,
    "f1-score": 0.8532608695652174,
    "support": 188.0
  },
  "talk.politics.misc": {
    "precision": 0.7163120567375887,
    "recall": 0.6516129032258065,
    "f1-score": 0.6824324324324325,
    "support": 155.0
  },
  "talk.religion.misc": {
    "precision": 0.5866666666666667,
    "recall": 0.3492063492063492,
    "f1-score": 0.43781094527363185,
    "support": 126.0
  },
  "accuracy": 0.7753315649867374,
  "macro avg": {
    "precision": 0.7767116671735118,
    "recall": 0.7649625977959659,
    "f1-score": 0.7669108244104044,
    "support": 3770.0
  },
  "weighted avg": {
    "precision": 0.7820475336058091,
    "recall": 0.7753315649867374,
    "f1-score": 0.7751655384370852,
    "support": 3770.0
  }
}