{
  "alt.atheism": {
    "precision": 0.16279069767441862,
    "recall": 0.2625,
    "f1-score": 0.20095693779904306,
    "support": 160.0
  },
  "comp.graphics": {
    "precision": 0.05063291139240506,
    "recall": 0.020512820512820513,
    "f1-score": 0.029197080291970802,
    "support": 195.0
  },
  "comp.os.ms-windows.misc": {
    "precision": 0.22962962962962963,
    "recall": 0.3147208121827411,
    "f1-score": 0.26552462526766596,
    "support": 197.0
  },
  "comp.sys.ibm.pc.hardware": {
    "precision": 0.3464566929133858,
    "recall": 0.22448979591836735,
    "f1-score": 0.2724458204334365,
    "support": 196.0
  },
  "comp.sys.mac.hardware": {
    "precision": 0.2857142857142857,
    "recall": 0.16580310880829016,
    "f1-score": 0.2098360655737705,
    "support": 193.0
  },
  "comp.windows.x": {
    "precision": 0.2995169082125604,
    "recall": 0.31313131313131315,
    "f1-score": 0.30617283950617286,
    "support": 198.0
  },
  "misc.forsale": {
    "precision": 0.34459459459459457,
    "recall": 0.26153846153846155,
    "f1-score": 0.29737609329446063,
    "support": 195.0
  },
  "rec.autos": {
    "precision": 0.20634920634920634,
    "recall": 0.13131313131313133,
    "f1-score": 0.16049382716049382,
    "support": 198.0
  },
  "rec.motorcycles": {
    "precision": 0.2558139534883721,
    "recall": 0.3316582914572864,
    "f1-score": 0.2888402625820569,
    "support": 199.0
  },
  "rec.sport.baseball": {
    "precision": 0.47577092511013214,
    "recall": 0.542713567839196,
    "f1-score": 0.5070422535211268,
    "support": 199.0
  },
  "rec.sport.hockey": {
    "precision": 0.24664879356568364,
    "recall": 0.46,
    "f1-score": 0.32111692844677137,
    "support": 200.0
  },
  "sci.crypt": {
    "precision": 0.5298013245033113,
    "recall": 0.40404040404040403,
    "f1-score": 0.4584527220630373,
    "support": 198.0
  },
  "sci.electronics": {
    "precision": 0.27835051546391754,
    "recall": 0.27411167512690354,
    "f1-score": 0.27621483375959077,
    "support": 197.0
  },
  "sci.med": {
    "precision": 0.3118279569892473,
    "recall": 0.29292929292929293,
    "f1-score": 0.3020833333333333,
    "support": 198.0
  },
  "sci.space": {
    "precision": 0.33881578947368424,
    "recall": 0.5228426395939086,
    "f1-score": 0.4111776447105788,
    "support": 197.0
  },
  "soc.religion.christian": {
    "precision": 0.5294117647058824,
    "recall": 0.271356783919598,
    "f1-score": 0.3588039867109635,
    "support": 199.0
  },
  "talk.politics.guns": {
    "precision": 0.21978021978021978,
    "recall": 0.10989010989010989,
    "f1-score": 0.14652014652014653,
    "support": 182.0
  },
  "talk.politics.mideast": {
    "precision": 0.6097560975609756,
    "recall": 0.26595744680851063,
    "f1-score": 0.37037037037037035,
    "support": 188.0
  },
  "talk.politics.misc": {
    "precision": 0.16666666666666666,
    "recall": 0.10967741935483871,
    "f1-score": 0.13229571984435798,
    "support": 155.0
  },
  "talk.religion.misc": {
    "precision": 0.09919571045576407,
    "recall": 0.29365079365079366,
    "f1-score": 0.14829659318637275,
    "support": 126.0
  },
  "accuracy": 0.2816976127320955,
  "macro avg": {
    "precision": 0.29937623221221715,
    "recall": 0.2786418934007983,
    "f1-score": 0.2731609042187861,
    "support": 3770.0
  },
  "weighted avg": {
    "precision": 0.305841210000182,
    "recall": 0.2816976127320955,
    "f1-score": 0.27849785998030546,
    "support": 3770.0
  }
}