{
  "alt.atheism": {
    "precision": 0.3879310344827586,
    "recall": 0.28125,
    "f1-score": 0.32608695652173914,
    "support": 160.0
  },
  "comp.graphics": {
    "precision": 0.5094339622641509,
    "recall": 0.4153846153846154,
    "f1-score": 0.4576271186440678,
    "support": 195.0
  },
  "comp.os.ms-windows.misc": {
    "precision": 0.22598870056497175,
    "recall": 0.20304568527918782,
    "f1-score": 0.21390374331550802,
    "support": 197.0
  },
  "comp.sys.ibm.pc.hardware": {
    "precision": 0.4134078212290503,
    "recall": 0.37755102040816324,
    "f1-score": 0.39466666666666667,
    "support": 196.0
  },
  "comp.sys.mac.hardware": {
    "precision": 0.3496932515337423,
    "recall": 0.29533678756476683,
    "f1-score": 0.3202247191011236,
    "support": 193.0
  },
  "comp.windows.x": {
    "precision": 0.446875,
    "recall": 0.7222222222222222,
    "f1-score": 0.5521235521235521,
    "support": 198.0
  },
  "misc.forsale": {
    "precision": 0.8584905660377359,
    "recall": 0.4666666666666667,
    "f1-score": 0.6046511627906976,
    "support": 195.0
  },
  "rec.autos": {
    "precision": 0.7319587628865979,
    "recall": 0.7171717171717171,
    "f1-score": 0.7244897959183674,
    "support": 198.0
  },
  "rec.motorcycles": {
    "precision": 0.5888324873096447,
    "recall": 0.5829145728643216,
    "f1-score": 0.5858585858585859,
    "support": 199.0
  },
  "rec.sport.baseball": {
    "precision": 0.5451263537906137,
    "recall": 0.7587939698492462,
    "f1-score": 0.634453781512605,
    "support": 199.0
  },
  "rec.sport.hockey": {
    "precision": 0.7881773399014779,
    "recall": 0.8,
    "f1-score": 0.794044665012407,
    "support": 200.0
  },
  "sci.crypt": {
    "precision": 0.7837837837837838,
    "recall": 0.7323232323232324,
    "f1-score": 0.7571801566579635,
    "support": 198.0
  },
  "sci.electronics": {
    "precision": 0.636986301369863,
    "recall": 0.4720812182741117,
    "f1-score": 0.5422740524781341,
    "support": 197.0
  },
  "sci.med": {
    "precision": 0.71875,
    "recall": 0.8131313131313131,
    "f1-score": 0.7630331753554502,
    "support": 198.0
  },
  "sci.space": {
    "precision": 0.7090909090909091,
    "recall": 0.7918781725888325,
    "f1-score": 0.7482014388489209,
    "support": 197.0
  },
  "soc.religion.christian": {
    "precision": 0.47230320699708456,
    "recall": 0.8140703517587939,
    "f1-score": 0.5977859778597786,
    "support": 199.0
  },
  "talk.politics.guns": {
    "precision": 0.5215311004784688,
    "recall": 0.5989010989010989,
    "f1-score": 0.5575447570332481,
    "support": 182.0
  },
  "talk.politics.mideast": {
    "precision": 0.6637931034482759,
    "recall": 0.8191489361702128,
    "f1-score": 0.7333333333333333,
    "support": 188.0
  },
  "talk.politics.misc": {
    "precision": 0.4260869565217391,
    "recall": 0.3161290322580645,
    "f1-score": 0.362962962962963,
    "support": 155.0
  },
  "talk.religion.misc": {
    "precision": 0.0,
    "recall": 0.0,
    "f1-score": 0.0,
    "support": 126.0
  },
  "accuracy": 0.5647214854111405,
  "macro avg": {
    "precision": 0.5389120320845435,
    "recall": 0.5489000306408285,
    "f1-score": 0.5335223300997555,
    "support": 3770.0
  },
  "weighted avg": {
    "precision": 0.5519834470301634,
    "recall": 0.5647214854111405,
    "f1-score": 0.547697661183396,
    "support": 3770.0
  }
}