{
  "alt.atheism": {
    "precision": 0.7,
    "recall": 0.6125,
    "f1-score": 0.6533333333333333,
    "support": 160.0
  },
  "comp.graphics": {
    "precision": 0.7696078431372549,
    "recall": 0.8051282051282052,
    "f1-score": 0.7869674185463659,
    "support": 195.0
  },
  "comp.os.ms-windows.misc": {
    "precision": 0.78125,
    "recall": 0.7614213197969543,
    "f1-score": 0.7712082262210797,
    "support": 197.0
  },
  "comp.sys.ibm.pc.hardware": {
    "precision": 0.7637362637362637,
    "recall": 0.7091836734693877,
    "f1-score": 0.7354497354497355,
    "support": 196.0
  },
  "comp.sys.mac.hardware": {
    "precision": 0.7966101694915254,
    "recall": 0.7305699481865285,
    "f1-score": 0.7621621621621621,
    "support": 193.0
  },
  "comp.windows.x": {
    "precision": 0.844559585492228,
    "recall": 0.8232323232323232,
    "f1-score": 0.8337595907928389,
    "support": 198.0
  },
  "misc.forsale": {
    "precision": 0.7881773399014779,
    "recall": 0.8205128205128205,
    "f1-score": 0.8040201005025126,
    "support": 195.0
  },
  "rec.autos": {
    "precision": 0.5392156862745098,
    "recall": 0.8333333333333334,
    "f1-score": 0.6547619047619048,
    "support": 198.0
  },
  "rec.motorcycles": {
    "precision": 0.8648648648648649,
    "recall": 0.8040201005025126,
    "f1-score": 0.8333333333333334,
    "support": 199.0
  },
  "rec.sport.baseball": {
    "precision": 0.8706467661691543,
    "recall": 0.8793969849246231,
    "f1-score": 0.875,
    "support": 199.0
  },
  "rec.sport.hockey": {
    "precision": 0.9329608938547486,
    "recall": 0.835,
    "f1-score": 0.8812664907651715,
    "support": 200.0
  },
  "sci.crypt": {
    "precision": 0.8702702702702703,
    "recall": 0.8131313131313131,
    "f1-score": 0.8407310704960835,
    "support": 198.0
  },
  "sci.electronics": {
    "precision": 0.8010752688172043,
    "recall": 0.7563451776649747,
    "f1-score": 0.7780678851174935,
    "support": 197.0
  },
  "sci.med": {
    "precision": 0.8542713567839196,
    "recall": 0.8585858585858586,
    "f1-score": 0.8564231738035264,
    "support": 198.0
  },
  "sci.space": {
    "precision": 0.8341463414634146,
    "recall": 0.868020304568528,
    "f1-score": 0.8507462686567164,
    "support": 197.0
  },
  "soc.religion.christian": {
    "precision": 0.7261410788381742,
    "recall": 0.8793969849246231,
    "f1-score": 0.7954545454545454,
    "support": 199.0
  },
  "talk.politics.guns": {
    "precision": 0.7291666666666666,
    "recall": 0.7692307692307693,
    "f1-score": 0.7486631016042781,
    "support": 182.0
  },
  "talk.politics.mideast": {
    "precision": 0.8709677419354839,
    "recall": 0.8617021276595744,
    "f1-score": 0.8663101604278075,
    "support": 188.0
  },
  "talk.politics.misc": {
    "precision": 0.7744360902255639,
    "recall": 0.6645161290322581,
    "f1-score": 0.7152777777777778,
    "support": 155.0
  },
  "talk.religion.misc": {
    "precision": 0.5555555555555556,
    "recall": 0.35714285714285715,
    "f1-score": 0.43478260869565216,
    "support": 126.0
  },
  "accuracy": 0.7827586206896552,
  "macro avg": {
    "precision": 0.7833829891739139,
    "recall": 0.7721185115513723,
    "f1-score": 0.7738859443951159,
    "support": 3770.0
  },
  "weighted avg": {
    "precision": 0.7887657201926348,
    "recall": 0.7827586206896552,
    "f1-score": 0.7821937122755915,
    "support": 3770.0
  }
}