{
  "alt.atheism": {
    "precision": 0.6551724137931034,
    "recall": 0.475,
    "f1-score": 0.5507246376811594,
    "support": 160.0
  },
  "comp.graphics": {
    "precision": 0.529126213592233,
    "recall": 0.558974358974359,
    "f1-score": 0.543640897755611,
    "support": 195.0
  },
  "comp.os.ms-windows.misc": {
    "precision": 0.5720338983050848,
    "recall": 0.6852791878172588,
    "f1-score": 0.6235565819861432,
    "support": 197.0
  },
  "comp.sys.ibm.pc.hardware": {
    "precision": 0.6538461538461539,
    "recall": 0.5204081632653061,
    "f1-score": 0.5795454545454546,
    "support": 196.0
  },
  "comp.sys.mac.hardware": {
    "precision": 0.6397849462365591,
    "recall": 0.616580310880829,
    "f1-score": 0.6279683377308707,
    "support": 193.0
  },
  "comp.windows.x": {
    "precision": 0.7114427860696517,
    "recall": 0.7222222222222222,
    "f1-score": 0.7167919799498746,
    "support": 198.0
  },
  "misc.forsale": {
    "precision": 0.7241379310344828,
    "recall": 0.7538461538461538,
    "f1-score": 0.7386934673366834,
    "support": 195.0
  },
  "rec.autos": {
    "precision": 0.3564356435643564,
    "recall": 0.7272727272727273,
    "f1-score": 0.47840531561461797,
    "support": 198.0
  },
  "rec.motorcycles": {
    "precision": 0.673469387755102,
    "recall": 0.6633165829145728,
    "f1-score": 0.6683544303797468,
    "support": 199.0
  },
  "rec.sport.baseball": {
    "precision": 0.71,
    "recall": 0.7135678391959799,
    "f1-score": 0.7117794486215538,
    "support": 199.0
  },
  "rec.sport.hockey": {
    "precision": 0.7455357142857143,
    "recall": 0.835,
    "f1-score": 0.7877358490566038,
    "support": 200.0
  },
  "sci.crypt": {
    "precision": 0.791907514450867,
    "recall": 0.6919191919191919,
    "f1-score": 0.738544474393531,
    "support": 198.0
  },
  "sci.electronics": {
    "precision": 0.610062893081761,
    "recall": 0.49238578680203043,
    "f1-score": 0.5449438202247191,
    "support": 197.0
  },
  "sci.med": {
    "precision": 0.7627118644067796,
    "recall": 0.6818181818181818,
    "f1-score": 0.72,
    "support": 198.0
  },
  "sci.space": {
    "precision": 0.7696335078534031,
    "recall": 0.7461928934010152,
    "f1-score": 0.7577319587628866,
    "support": 197.0
  },
  "soc.religion.christian": {
    "precision": 0.6475770925110133,
    "recall": 0.7386934673366834,
    "f1-score": 0.6901408450704225,
    "support": 199.0
  },
  "talk.politics.guns": {
    "precision": 0.6009389671361502,
    "recall": 0.7032967032967034,
    "f1-score": 0.6481012658227848,
    "support": 182.0
  },
  "talk.politics.mideast": {
    "precision": 0.8502673796791443,
    "recall": 0.8457446808510638,
    "f1-score": 0.848,
    "support": 188.0
  },
  "talk.politics.misc": {
    "precision": 0.7230769230769231,
    "recall": 0.3032258064516129,
    "f1-score": 0.42727272727272725,
    "support": 155.0
  },
  "talk.religion.misc": {
    "precision": 0.38,
    "recall": 0.15079365079365079,
    "f1-score": 0.2159090909090909,
    "support": 126.0
  },
  "accuracy": 0.6450928381962865,
  "macro avg": {
    "precision": 0.6553580615339241,
    "recall": 0.631276895452977,
    "f1-score": 0.6308920291557242,
    "support": 3770.0
  },
  "weighted avg": {
    "precision": 0.659696378016914,
    "recall": 0.6450928381962865,
    "f1-score": 0.6414351924460546,
    "support": 3770.0
  }
}