{
  "alt.atheism": {
    "precision": 0.19791666666666666,
    "recall": 0.2375,
    "f1-score": 0.2159090909090909,
    "support": 160.0
  },
  "comp.graphics": {
    "precision": 0.23444976076555024,
    "recall": 0.2512820512820513,
    "f1-score": 0.24257425742574257,
    "support": 195.0
  },
  "comp.os.ms-windows.misc": {
    "precision": 0.3282442748091603,
    "recall": 0.4365482233502538,
    "f1-score": 0.3747276688453159,
    "support": 197.0
  },
  "comp.sys.ibm.pc.hardware": {
    "precision": 0.2634146341463415,
    "recall": 0.2755102040816326,
    "f1-score": 0.26932668329177056,
    "support": 196.0
  },
  "comp.sys.mac.hardware": {
    "precision": 0.24260355029585798,
    "recall": 0.21243523316062177,
    "f1-score": 0.2265193370165746,
    "support": 193.0
  },
  "comp.windows.x": {
    "precision": 0.3598326359832636,
    "recall": 0.43434343434343436,
    "f1-score": 0.39359267734553777,
    "support": 198.0
  },
  "misc.forsale": {
    "precision": 0.3622641509433962,
    "recall": 0.49230769230769234,
    "f1-score": 0.41739130434782606,
    "support": 195.0
  },
  "rec.autos": {
    "precision": 0.47530864197530864,
    "recall": 0.3888888888888889,
    "f1-score": 0.42777777777777776,
    "support": 198.0
  },
  "rec.motorcycles": {
    "precision": 0.14925373134328357,
    "recall": 0.10050251256281408,
    "f1-score": 0.12012012012012012,
    "support": 199.0
  },
  "rec.sport.baseball": {
    "precision": 0.15544041450777202,
    "recall": 0.3015075376884422,
    "f1-score": 0.20512820512820512,
    "support": 199.0
  },
  "rec.sport.hockey": {
    "precision": 0.45652173913043476,
    "recall": 0.525,
    "f1-score": 0.4883720930232558,
    "support": 200.0
  },
  "sci.crypt": {
    "precision": 0.5879120879120879,
    "recall": 0.5404040404040404,
    "f1-score": 0.5631578947368421,
    "support": 198.0
  },
  "sci.electronics": {
    "precision": 0.26380368098159507,
    "recall": 0.2182741116751269,
    "f1-score": 0.2388888888888889,
    "support": 197.0
  },
  "sci.med": {
    "precision": 0.36257309941520466,
    "recall": 0.31313131313131315,
    "f1-score": 0.33604336043360433,
    "support": 198.0
  },
  "sci.space": {
    "precision": 0.5449101796407185,
    "recall": 0.4619289340101523,
    "f1-score": 0.5,
    "support": 197.0
  },
  "soc.religion.christian": {
    "precision": 0.32386363636363635,
    "recall": 0.2864321608040201,
    "f1-score": 0.304,
    "support": 199.0
  },
  "talk.politics.guns": {
    "precision": 0.4,
    "recall": 0.3516483516483517,
    "f1-score": 0.3742690058479532,
    "support": 182.0
  },
  "talk.politics.mideast": {
    "precision": 0.6149068322981367,
    "recall": 0.526595744680851,
    "f1-score": 0.5673352435530086,
    "support": 188.0
  },
  "talk.politics.misc": {
    "precision": 0.3548387096774194,
    "recall": 0.14193548387096774,
    "f1-score": 0.20276497695852536,
    "support": 155.0
  },
  "talk.religion.misc": {
    "precision": 0.21333333333333335,
    "recall": 0.12698412698412698,
    "f1-score": 0.15920398009950248,
    "support": 126.0
  },
  "accuracy": 0.3376657824933687,
  "macro avg": {
    "precision": 0.34456958800945836,
    "recall": 0.331158002243739,
    "f1-score": 0.33135512828747704,
    "support": 3770.0
  },
  "weighted avg": {
    "precision": 0.3476610760517657,
    "recall": 0.3376657824933687,
    "f1-score": 0.3365940993832783,
    "support": 3770.0
  }
}