{
  "alt.atheism": {
    "precision": 0.43333333333333335,
    "recall": 0.65,
    "f1-score": 0.52,
    "support": 160.0
  },
  "comp.graphics": {
    "precision": 0.7712765957446809,
    "recall": 0.7435897435897436,
    "f1-score": 0.7571801566579635,
    "support": 195.0
  },
  "comp.os.ms-windows.misc": {
    "precision": 0.786096256684492,
    "recall": 0.7461928934010152,
    "f1-score": 0.765625,
    "support": 197.0
  },
  "comp.sys.ibm.pc.hardware": {
    "precision": 0.7295918367346939,
    "recall": 0.7295918367346939,
    "f1-score": 0.7295918367346939,
    "support": 196.0
  },
  "comp.sys.mac.hardware": {
    "precision": 0.8238636363636364,
    "recall": 0.7512953367875648,
    "f1-score": 0.7859078590785907,
    "support": 193.0
  },
  "comp.windows.x": {
    "precision": 0.8300970873786407,
    "recall": 0.8636363636363636,
    "f1-score": 0.8465346534653465,
    "support": 198.0
  },
  "misc.forsale": {
    "precision": 0.7934782608695652,
    "recall": 0.7487179487179487,
    "f1-score": 0.7704485488126649,
    "support": 195.0
  },
  "rec.autos": {
    "precision": 0.8048780487804879,
    "recall": 0.8333333333333334,
    "f1-score": 0.8188585607940446,
    "support": 198.0
  },
  "rec.motorcycles": {
    "precision": 0.8722222222222222,
    "recall": 0.7889447236180904,
    "f1-score": 0.8284960422163589,
    "support": 199.0
  },
  "rec.sport.baseball": {
    "precision": 0.885,
    "recall": 0.8894472361809045,
    "f1-score": 0.8872180451127819,
    "support": 199.0
  },
  "rec.sport.hockey": {
    "precision": 0.9081632653061225,
    "recall": 0.89,
    "f1-score": 0.898989898989899,
    "support": 200.0
  },
  "sci.crypt": {
    "precision": 0.8512820512820513,
    "recall": 0.8383838383838383,
    "f1-score": 0.8447837150127226,
    "support": 198.0
  },
  "sci.electronics": {
    "precision": 0.791907514450867,
    "recall": 0.6954314720812182,
    "f1-score": 0.7405405405405405,
    "support": 197.0
  },
  "sci.med": {
    "precision": 0.8461538461538461,
    "recall": 0.8888888888888888,
    "f1-score": 0.8669950738916257,
    "support": 198.0
  },
  "sci.space": {
    "precision": 0.8208955223880597,
    "recall": 0.8375634517766497,
    "f1-score": 0.8291457286432161,
    "support": 197.0
  },
  "soc.religion.christian": {
    "precision": 0.6594982078853047,
    "recall": 0.9246231155778895,
    "f1-score": 0.7698744769874477,
    "support": 199.0
  },
  "talk.politics.guns": {
    "precision": 0.7115384615384616,
    "recall": 0.8131868131868132,
    "f1-score": 0.7589743589743589,
    "support": 182.0
  },
  "talk.politics.mideast": {
    "precision": 0.8956043956043956,
    "recall": 0.8670212765957447,
    "f1-score": 0.8810810810810811,
    "support": 188.0
  },
  "talk.politics.misc": {
    "precision": 0.8067226890756303,
    "recall": 0.6193548387096774,
    "f1-score": 0.7007299270072993,
    "support": 155.0
  },
  "talk.religion.misc": {
    "precision": 0.6595744680851063,
    "recall": 0.24603174603174602,
    "f1-score": 0.3583815028901734,
    "support": 126.0
  },
  "accuracy": 0.7809018567639258,
  "macro avg": {
    "precision": 0.7840588849940799,
    "recall": 0.7682617428616061,
    "f1-score": 0.7679678503445404,
    "support": 3770.0
  },
  "weighted avg": {
    "precision": 0.7897742181641688,
    "recall": 0.7809018567639258,
    "f1-score": 0.7789071829571386,
    "support": 3770.0
  }
}